query,node_id,input_rows,output_rows,row_size_in,normalized_ops,logical_ops_count,elapsed_ms
10006,17,4574495,4574464,57.143136407262574,le,0,9.035396000000022
10011,10,8928266,2666831,68.66787961713362,le,0,13.137997000000206
10011,19,19217005,17128789,51.268136407262574,ge,0,39.042743000000016
10033,6,,462266,100.66787961713362,le,0,2.9357330000000013
10033,31,586089549,586088951,51.143136407262574,ge,0,734.439124000041
10053,6,10,10,58.893136407262574,le,0,0.004749
10056,25,3850116,111530,12.125,is_not_null,0,11.279068999999971
10064,5,1773112,0,74.54287961713362,le,0,4.517268000000005
10064,11,1260710,1260709,54.893136407262574,ge,0,1.5199789999999997
10092,19,11739825,11739794,20.125,le,0,15.38836099999983
10108,19,586089549,586089518,55.268136407262574,le,0,723.8591519999965
10115,10,5060651037,5060651037,84.79287961713362,le,0,8840.280286992627
10115,20,3033413,3033412,36.893136407262574,ge,0,3.6896230000000005
10137,2,1260710,371631,90.89313640726257,gt,0,4.141500999999997
10183,17,34453569,34453538,57.018136407262574,le,0,50.780397999999984
10218,22,10,10,42.893136407262574,le,0,0.006622
10256,10,4828945,0,48.125,le,0,11.236858000000046
10359,9,181425993,0,36.125,le,0,409.1500590000044
10359,22,1822932,1822932,55.143136407262574,ge,0,2.3111389999999994
10364,12,16904139,7348970,40.125,le,0,57.135207000000214
10364,21,1530891634,1530572978,51.018136407262574,ge,0,1890.4974940001757
10370,16,6101651,6101620,45.018136407262574,le,0,8.757069999999995
10378,8,181425993,0,36.0,le,0,426.00381400000003
10399,13,1260710,371631,56.0,gt,0,3.579900999999999
10437,6,1773112,0,80.66787961713362,le,0,3.3640329999999974
10437,15,586089549,586088951,18.125,ge,0,684.1468210001168
10490,6,104133083,0,88.66787961713362,le,0,233.8742570000014
10490,16,586089549,586088951,51.143136407262574,ge,0,1026.5117780001185
10529,11,16358860,16358860,76.66787961713362,le,0,31.360749999999868
10529,22,11739825,11739227,34.125,ge,0,15.780632000000045
10533,4,396956,41468,44.0,gt,0,0.6226840000000003
10552,4,3850116,3245309,80.66787961713362,le,0,35.718945999999974
10552,16,4574495,4573897,49.143136407262574,ge,0,10.3842669999999
1056,9,1260710,266507,66.89313640726257,eq;gt,0,15.843339000000006
10564,11,11739825,11739227,24.125,ge,0,17.642127000000094
10610,12,35129590,16359490,30.125,le,0,60.24775800000006
10610,23,586089549,586088951,55.143136407262574,ge,0,731.7454680000508
10616,2,371631,371631,72.0,gt,0,0.463989
10644,10,35129590,16359409,22.125,le,0,54.18201300000006
10644,19,371631,371630,56.0,ge,0,0.4846340000000003
10652,12,4574495,4574464,45.018136407262574,le,0,5.855173999999981
10702,11,35129590,4482261,36.125,le,0,91.98741299999934
10702,24,5493340482,5491252085,42.375,ge,0,11040.005210021813
10728,12,35129590,16359490,38.125,le,0,87.07401999999936
10728,24,586089549,586088951,55.143136407262574,ge,0,1060.6090439999575
1080,24,121464,1049,68.66787961713362,ge,0,0.3254059999999999
1080,31,1260710,0,20.0,gt,0,1.7490570000000008
10830,8,1260710,329473,50.893136407262574,gt,0,1.735945000000001
10867,17,4574495,4574464,73.65217431676972,le,0,5.905248999999989
10879,7,1045736,301138,58.893136407262574,gt,0,1.4793349999999996
10934,10,35129590,16359490,26.125,le,0,59.93571999999999
10934,21,1288855,1285363,41.018136407262574,ge,0,1.6934230000000021
10945,7,1260710,12142,28.0,gt,0,2.2226319999999977
10952,21,11739825,11739794,45.018136407262574,le,0,15.79007600000006
10960,11,8928266,2666831,64.79287961713362,le,0,18.01221000000001
10960,18,1288855,1285363,41.018136407262574,ge,0,1.7600389999999997
10969,11,35129590,16359490,24.0,le,0,51.86811400000032
10969,22,2346038465,2346037867,30.125,ge,0,2827.5942609995845
10973,12,8928266,2666831,68.66787961713362,le,0,14.10888699999998
10973,19,1288855,1285363,41.018136407262574,ge,0,1.7314719999999992
10974,11,8928266,2666831,68.66787961713362,le,0,17.633612999999876
10974,18,34453569,34452970,57.018136407262574,ge,0,58.43163499999992
10988,13,4574495,4574464,32.125,le,0,9.890424000000012
11053,8,954760,0,74.54287961713362,le,0,2.453918000000001
11053,19,3033413,3033412,46.893136407262574,ge,0,4.128892999999997
11065,1,1260710,371631,60.0,gt,0,4.827319999999999
11068,10,104133083,0,88.79287961713362,le,0,230.58051300000474
11068,20,199827,199827,51.018136407262574,ge,0,0.300608
11074,10,35129590,16359490,36.25,le,0,62.24584200000081
11074,22,11739825,11739227,24.125,ge,0,17.80119899999995
11080,11,8,2,37.875,le;eq,2,0.071734
11096,9,1260710,1260679,70.89313640726257,le,0,2.4167209999999995
11103,12,11739825,11739794,30.25,le,0,15.239870999999903
11104,17,586089549,586089518,49.018136407262574,le,0,1045.5089960000228
11135,2,1260710,371631,56.0,gt,0,4.143518999999999
11148,10,1328007,0,92.66787961713362,le,0,4.666546000000005
11150,17,4574495,4574464,45.018136407262574,le,0,8.200685000000009
11158,10,182657208,92634587,40.0,le,0,512.7907940000085
11158,24,1589663,1589663,51.018136407262574,ge,0,3.1531849999999975
1116,3,,63457,108.66787961713362,gt,1,1.1165309999999995
1116,19,62575,62575,32.0,le,0,0.07364699999999999
1116,22,1260710,62575,28.0,gt,0,1.723150000000001
1116,37,287061,283829,8.125,is_not_null,0,1.201904
11166,10,35129590,16359490,34.125,le,0,87.29313999999957
11166,22,34453569,34452970,30.25,ge,0,107.97084900000038
11167,4,14,14,47.93333333333334,gt,0,0.012924999999999999
11167,11,1260710,12142,46.893136407262574,gt,0,1.9665719999999989
11182,3,1260710,371631,74.89313640726257,gt,0,2.073720999999998
11226,11,1773112,0,44.125,le,0,3.5711039999999987
11226,20,6101651,6098159,51.143136407262574,ge,0,13.565876999999968
11243,12,393416,393385,45.018136407262574,le,0,0.708562
11259,1,1260710,36838,52.0,gt,0,4.129208000000002
11267,16,2177293,0,8.25,is_not_null,0,6.346185000000006
11268,12,4574495,4574464,24.25,le,0,5.698313999999981
11280,14,3850116,3685416,6.125,is_not_null,0,23.029527000000016
11310,10,35129590,16359490,22.0,le,0,57.92730800000016
11310,19,1260710,1260709,44.0,ge,0,1.6643449999999995
11314,7,3850116,3850113,43.875,le,0,6.42552800000006
11384,12,11739825,11739794,24.25,le,0,16.549504000000038
11425,11,261413,259057,107.9360160243962,between,1,7.318628999999995
11449,6,35129590,16359490,58.542879617133615,le,0,85.17567799999964
11449,12,1260709,371630,66.89313640726257,gt,0,1.919443999999997
11449,15,4574495,4573897,45.018136407262574,ge,0,12.715186999999965
11466,9,11795244,200757,6.0,eq,2,100.09575300000036
11466,26,192370,130343,14.0,eq,1,0.9275889999999997
11466,28,192370,62027,14.0,eq,0,0.23408600000000027
11520,5,11795244,3505116,20.0,le,0,24.775021999999968
11520,9,1260709,371630,52.0,gt,0,3.8857289999999978
11520,13,11739825,11739227,24.125,ge,0,36.40359699999992
11532,19,11739825,11739794,20.125,le,0,22.245919000000058
11576,13,1587519,1587519,72.79287961713362,between,1,6.418932999999989
11583,6,11356206,4709254,10.0,le,0,16.454603999999694
11583,10,1260709,371624,52.0,gt,1,6.809337999999999
11583,13,4574495,4573897,26.375,ge,0,14.766909999999967
11632,11,4574495,4574464,51.018136407262574,le,0,6.290261000000001
11656,48,1260710,1260679,36.0,le,0,1.596951000000001
11656,63,1260710,1260679,16.0,le,0,1.5362529999999972
11661,11,1207534925,744326272,24.0,le,0,2757.628651000238
11661,23,4574495,4573897,47.143136407262574,ge,0,10.428062999999929
11720,11,35129590,16359490,34.0,le,0,82.21241399999877
11720,22,586089549,586088951,28.25,ge,0,737.993442999945
11724,11,35129590,16359490,36.25,le,0,59.91356399999959
11724,22,2346038465,2346037867,30.125,ge,0,2908.706410000939
11727,17,4574495,4574464,57.143136407262574,le,0,6.106485000000006
11787,9,9521342,2802810,40.125,le,0,33.11961299999991
11787,22,11739825,11739227,20.125,ge,0,18.917061000000164
11802,23,3850116,2177293,4.125,is_not_null,0,24.81331899999995
11809,10,1773112,0,32.0,le,0,2.947745
11809,17,275301,275301,40.0,ge,0,0.34381599999999995
11874,4,3685416,3685413,84.25,le,0,11.288038000000112
11874,21,11739825,11739794,24.125,le,0,15.607003999999945
11937,9,33547065,9786715,36.125,le,0,87.10832300000007
11937,20,11739825,11739227,20.125,ge,0,18.387161000000006
11948,6,4574495,4573897,47.018136407262574,ge,0,13.679244999999975
11948,10,1156110,70100,28.0,gt,0,1.729079
11948,14,7914302541,5060666787,76.66787961713362,le,0,17180.02892698532
12014,16,1260710,214435,32.0,between,1,5.569375000000007
12020,16,5,5,38.375,gt,0,0.018425
12044,11,35129590,16359490,42.25,le,0,93.7132200000001
12044,20,1260710,1260709,70.89313640726257,ge,0,1.5861049999999988
12081,16,586089549,586089518,47.143136407262574,le,0,710.3828180000108
12089,8,5377137791,5377137760,36.125,le,0,9247.058677989577
12142,6,35129590,16359490,70.54287961713362,le,0,72.28535200000033
12142,16,3033413,3033412,46.893136407262574,ge,0,3.835303000000002
12145,12,43204962,43204931,55.268136407262574,le,0,58.295886000001026
12160,6,104133083,0,82.66787961713362,le,0,262.02600699999147
12160,16,403308,403308,55.018136407262574,ge,0,0.8080180000000003
12171,10,954760,0,26.0,le,0,1.732288000000001
12171,19,27913,27913,16.25,ge,0,0.16270600000000005
12171,22,184173,184142,4.0,le,0,0.3281830000000002
12180,14,3033413,3033382,42.893136407262574,le,0,3.774582999999999
12225,5,2657,2048,130.00846666166802,le,0,0.037410000000000006
12225,8,3850116,3850103,88.79287961713362,between,1,12.440403999999983
12246,7,1260710,371631,28.0,gt,0,1.629651000000002
12276,7,1045736,301138,40.0,gt,0,2.1943210000000004
12284,10,35129590,16359490,26.125,le,0,57.52540300000021
12284,22,34453569,34452970,26.25,ge,0,69.37131800000044
12298,11,35129590,16359490,36.125,le,0,68.48428100000041
12298,23,4574495,4573897,24.25,ge,0,9.676242999999966
12323,10,2666828,2666828,72.79287961713362,le,0,5.968309000000007
12323,16,2346038465,2346037867,30.125,ge,0,2893.363913000961
12330,5,35129590,16359490,66.54287961713362,le,0,64.68238800000043
12330,13,1288855,1285363,38.893136407262574,ge,0,1.6732750000000005
12343,11,35129590,16359490,22.0,le,0,56.09399700000044
12343,22,586089549,586088951,32.25,ge,0,1055.5932040000282
12379,11,35129590,16359490,36.125,le,0,104.81967499999934
12379,26,9498405,9497806,38.25,ge,0,20.59555
12381,18,4574495,4574464,51.018136407262574,le,0,7.403872999999997
12391,8,1260710,371631,74.89313640726257,gt,0,2.0804959999999975
12401,10,1260710,371631,32.0,gt,0,1.6763929999999982
12491,10,35129590,4482261,22.0,le,0,117.32398799999775
12491,21,5493340482,5491252085,36.5,ge,0,6693.798602003518
12506,6,182657208,92634881,72.66787961713362,le,0,396.1246810000036
12506,19,2346038465,2346037867,46.125,ge,0,2944.4714270015425
12509,10,11548569,3728483,28.25,le,0,31.663514000000053
12509,21,6101651,6098159,47.143136407262574,ge,0,13.795979000000026
12518,11,954760,0,42.125,le,0,3.251939000000003
12518,21,4574495,4573897,51.018136407262574,ge,0,11.810611999999924
12522,9,11215,11215,30.893136407262574,le,0,0.6382470000000003
12552,10,104133083,0,46.125,le,0,364.7153250000013
12552,23,4574495,4573897,51.018136407262574,ge,0,14.48833099999991
12575,8,1260710,371631,74.89313640726257,gt,0,2.0686419999999996
12588,6,3850116,3685416,6.125,is_not_null,0,29.89455500000005
12597,10,16904139,11823923,76.79287961713362,le,0,191.58893599999925
12610,14,11739825,11739794,22.25,le,0,29.492367999999832
12629,19,1260710,1260679,62.893136407262574,le,0,2.486628
12637,4,656461,95365,66.89313640726257,gt,0,1.1092189999999993
12641,18,3033413,1922881,38.893136407262574,between,1,12.061522999999998
12647,11,8928266,2666831,68.66787961713362,le,0,14.28613300000003
12647,18,4574495,4573897,49.018136407262574,ge,0,14.248810000000015
12659,21,586089549,586089518,51.143136407262574,le,0,2035.1554330000708
12660,10,11548569,3728483,36.25,le,0,33.03510999999992
12660,20,1288855,1285363,41.018136407262574,ge,0,1.7325379999999992
12670,13,6219,6219,111.8110160243962,le,0,0.10622700000000002
12688,19,586089549,586089518,22.125,le,0,748.2857479999319
12737,10,33547065,9786715,34.125,le,0,78.28383800000027
12737,22,11739825,11739227,20.125,ge,0,15.770144000000062
12745,5,4828945,0,82.54287961713362,le,0,12.453344999999986
12745,16,586089549,586088951,45.018136407262574,ge,0,1161.2537610000636
12773,12,7,7,26.25,gt,0,0.010881
1280,6,1260710,33150,62.893136407262574,gt,1,18.812861999999996
12818,5,35129590,16359490,62.542879617133615,le,0,65.2082490000003
12818,13,43204962,41113254,32.375,ge,0,105.06835499999866
12850,6,35129590,16359490,78.54287961713362,le,0,101.09974199999976
12850,15,586089549,586088951,49.018136407262574,ge,0,1487.0037469999988
12854,13,1260710,1260679,78.89313640726257,le,0,2.3962040000000036
1290,22,11215,11215,66.89313640726257,gt,0,0.020798999999999998
12975,14,143650,141294,103.8110160243962,between,1,3.2286209999999973
1299,5,710143,0,80.54287961713362,gt,0,9.780152000000005
13016,6,,1156110,60.0,le,0,16.53911299999999
13016,28,3850116,2177293,8.125,is_not_null,0,31.18474500000009
13016,34,3033413,3033412,50.893136407262574,ge,0,5.327502000000002
13023,4,35129590,35129587,28.125,le,0,93.82139999999997
13030,11,33547065,25077893,80.79287961713362,le,0,424.445463
13030,19,2346038465,2346037867,57.018136407262574,ge,0,2901.391919999857
13038,7,1045736,301138,50.893136407262574,gt,0,1.422301
13041,10,1260710,371631,70.89313640726257,gt,0,1.8706479999999979
13074,5,11795244,3505116,16.125,le,0,20.828007000000014
13074,12,11739825,11739227,20.125,ge,0,15.784354999999916
13075,2,1260710,371631,82.89313640726257,gt,0,4.244247
13094,15,3033413,3033382,42.893136407262574,le,0,5.495719000000001
13115,2,1260710,371631,70.89313640726257,gt,0,2.8828490000000007
13165,11,11795244,4070447,14.125,eq,3,166.55601800000014
13186,18,4574495,4574464,61.143136407262574,le,0,6.847236999999987
13200,11,69092,0,26.0,le,0,0.262231
13200,21,3685416,3684818,20.125,ge,0,11.33536300000007
13234,8,8,7,24.0,gt,0,0.025426999999999998
13250,7,104133083,0,82.66787961713362,le,0,272.27719399999654
13250,19,586089549,586088951,51.018136407262574,ge,0,751.5239159999077
13268,12,67247136,44628746,86.66787961713362,le,0,291.37014399999686
13268,25,3033413,3033412,46.893136407262574,ge,0,5.243934000000007
13276,10,35129590,16359490,36.125,le,0,67.36751400000031
13276,21,34453569,34452970,53.018136407262574,ge,0,115.315666999998
13277,6,1260710,371631,48.0,gt,0,1.844282999999997
13312,10,1260710,1260679,66.89313640726257,le,0,1.6184590000000008
13402,11,2237421,0,28.125,le,0,7.554002000000006
13402,20,586089549,586088951,24.25,ge,0,797.4687179998738
13405,5,1260710,371631,48.0,gt,0,2.5101929999999992
13407,7,7914302541,5060666787,78.66787961713362,le,0,20313.870528008458
13407,18,586089549,586088951,49.018136407262574,ge,0,1136.9993759998524
1345,5,1260597,1260597,46.893136407262574,le,0,3.5611029999999997
1345,14,32477,25007,36.0,gt,0,0.47254300000000005
13471,6,181425993,0,34.125,le,0,439.9692960000014
13471,14,1260710,1260709,36.0,ge,0,1.5884050000000025
13517,9,4574495,4574464,59.268136407262574,le,0,6.026028000000002
13533,6,1156109,1156109,72.66787961713362,le,0,2.9452059999999998
13533,15,34453569,34452970,24.125,ge,0,71.33888300000005
13567,16,11739825,11739794,22.125,le,0,30.261158000000023
13585,5,1773112,0,80.66787961713362,le,0,6.462570000000001
13585,11,1260710,1260709,54.893136407262574,ge,0,2.2933579999999996
13662,21,61762323,61762292,24.125,le,0,142.1604350000007
13731,5,35129590,16359490,70.54287961713362,le,0,78.79612699999971
13731,11,194389,194389,66.89313640726257,ge,0,0.5049789999999997
13732,11,11356206,4709254,24.125,le,0,21.72286099999993
13732,18,586089549,586088951,26.25,ge,0,750.6520930000283
13737,7,1668154,1668154,60.667879617133615,le,0,3.940138000000001
1375,7,145542,1273,74.89313640726257,gt,0,0.5599590000000002
13759,14,34453569,34453538,24.125,le,0,49.951653999999905
13764,23,11795244,4070447,6.0,eq,3,295.9604550000009
13765,4,3850116,1156110,80.66787961713362,le,0,7.4354939999999905
13765,16,4574495,4573897,24.375,ge,0,15.155180999999953
1385,20,1260710,181387,44.176969128506954,is_not_null,0,6.037426000000003
13873,4,4574495,4574464,24.25,le,0,5.951606999999985
13873,14,323743,323712,8.0,le,0,0.7988530000000001
13926,10,35129590,16359490,34.125,le,0,93.88622099999901
13926,21,4574495,4573897,24.25,ge,0,11.18362799999996
13927,8,1045736,11421,50.893136407262574,gt;is_not_null,0,8.117650999999993
13928,13,586089549,586089518,45.018136407262574,le,0,1084.3897879999383
13946,5,11739825,11739794,20.125,le,0,15.51935500000004
13979,2,1260710,371631,48.0,gt,0,1.837717999999998
140,12,1260710,371631,66.89313640726257,gt,0,1.8573030000000001
14018,19,586089549,586089518,49.018136407262574,le,0,1115.6585550000118
1402,8,104448,0,20.0,gt,0,0.984455
1402,15,74334,0,80.91787961713362,le,0,0.6716510000000002
1402,20,1260709,548799,16.0,ge,0,17.501436000000005
1402,23,3033413,3033412,14.0,ge,0,5.989783
14034,7,1045736,301138,16.0,gt,0,2.098209000000003
14068,11,954760,0,90.79287961713362,le,0,2.667290000000001
14068,20,586089549,586088951,55.143136407262574,ge,0,728.8995669999908
14102,13,11739825,11739794,30.25,le,0,16.38295500000013
14106,7,35129590,16359490,30.0,le,0,83.9326329999998
14106,19,3033413,3033412,46.893136407262574,ge,0,5.085619999999999
14120,18,11739825,11739794,20.125,le,0,23.576751999999907
14157,7,181425993,0,70.66787961713362,le,0,782.5333740000292
14157,18,4574495,4573897,47.018136407262574,ge,0,18.01071199999997
14175,10,1260710,371631,28.0,gt,0,1.6757439999999975
14187,10,35129590,16359490,28.125,le,0,58.256704000000354
14187,21,34453569,34452970,34.125,ge,0,93.69726899999914
14200,8,3850116,1156110,56.125,le,0,16.808871000000014
14230,6,1260710,371631,36.0,gt,0,1.8776839999999988
14231,16,12744093,12744093,2.0,in,0,19.38821499999983
14257,18,1260710,214435,78.89313640726257,between,1,8.423165999999998
14258,9,34453569,34453538,24.125,le,0,69.11306099999982
14266,10,7298228,2305100,76.79287961713362,le,0,48.08959800000032
14266,19,3033413,3033412,20.0,ge,0,7.664158999999999
14277,9,2666828,2666828,108.54287961713362,le,0,5.809410999999995
14277,17,4574495,4573897,22.25,ge,0,14.344326000000054
14282,6,35129590,16359490,100.41787961713362,le,0,51.759156000000566
14282,17,1311674025,1311673426,51.018136407262574,ge,0,1634.6894669999804
14300,10,3033413,3033382,14.0,le,0,3.719801999999998
14300,14,11215,11215,34.893136407262574,le,0,0.6454580000000003
14302,2,1260710,371631,82.89313640726257,gt,0,4.410277999999998
14313,9,33547065,9786715,36.125,le,0,73.43849099999994
14313,20,11739825,11739227,28.125,ge,0,16.510742000000146
1432,4,1260710,36838,36.0,gt,0,2.007191999999998
14321,14,1260710,1260679,66.89313640726257,le,0,1.7666930000000005
14329,10,11548569,3728483,28.25,le,0,64.51893600000002
14329,20,1288855,1285363,41.018136407262574,ge,0,3.3715710000000003
14360,15,1260710,214435,58.893136407262574,between,1,5.4193739999999995
14371,9,130560475,64105607,30.0,le,0,262.53690900000396
14401,6,182657208,92634881,80.54287961713362,le,0,446.28896700000087
14401,17,586089549,586088951,51.018136407262574,ge,0,1100.2542179999673
14406,8,85472587,53639266,44.25,le,0,220.94595000000203
14406,20,19217005,17128789,39.018136407262574,ge,0,36.850665999999975
14422,12,7,7,59.875,gt,0,0.01586
14466,19,3033413,3033382,50.893136407262574,le,0,3.9784190000000015
14471,9,1260710,371631,58.893136407262574,gt,0,1.761383999999998
14483,15,10,10,44.0,le,0,0.004228
14501,12,35129590,16359490,38.125,le,0,71.60876400000046
14501,24,586089549,586088951,51.018136407262574,ge,0,1115.66843099994
1451,21,93679,79899,74.66787961713362,gt;is_null,1,1.466367
1451,30,145542,93679,68.66787961713362,gt,0,0.24834200000000003
1452,2,10347,8640,54.893136407262574,gt,0,0.040846
1452,11,30059,30059,43.143136407262574,le,0,0.057128
14604,9,181425993,0,84.66787961713362,le,0,599.8411360000088
1468,13,371632,62576,28.0,gt,1,6.6390699999999985
14689,10,182657208,92634881,44.0,le,0,392.37493000000137
14689,26,4574495,4573897,20.125,ge,0,7.63984699999998
1470,6,32453,2162,24.0,gt,0,0.11050700000000001
14717,9,371632,62576,12.0,gt,0,0.46514199999999967
14741,11,1260710,11215,62.893136407262574,gt,0,2.0807640000000003
14766,7,1156109,1156109,92.54287961713362,le,0,3.962709999999995
14766,23,4574495,4573897,22.25,ge,0,11.342506999999957
14781,20,1288855,1288824,41.018136407262574,le,0,1.682918000000002
14790,11,954760,0,44.125,le,0,3.7293249999999944
14790,21,403308,403308,51.018136407262574,ge,0,0.795802
14828,12,,0,40.25,le,0,0.00022
14828,19,3850116,0,72.79287961713362,ge,0,1069.2348040000002
14828,24,9425510,9424911,22.125,ge,0,12.273118000000133
14848,9,1260710,371631,28.0,gt,0,1.6433329999999984
14850,15,4574495,4574464,12.125,le,0,5.672846000000013
14864,11,6101651,6101620,18.125,le,0,8.623477999999997
14867,15,4574495,4574464,47.143136407262574,le,0,5.886151999999995
14880,5,1260710,1260709,50.893136407262574,ge,0,1.5662519999999984
14880,19,954760,727076,42.25,le,0,11.616000999999992
14894,10,1260710,371624,82.89313640726257,eq;gt,1,19.859300000000008
14901,10,11795244,11795239,12.0,le,0,21.732422999999795
14905,11,7,7,59.875,gt,0,0.011090000000000001
14906,1,1260710,371631,66.89313640726257,gt,0,2.0330939999999993
14934,9,8,7,24.0,gt,0,0.011873
14953,10,8928266,2666831,68.66787961713362,le,0,17.007219000000024
14953,17,4574495,4573897,45.018136407262574,ge,0,12.114663999999918
14979,7,6092,6092,12.0,gt,0,0.011952
152,5,2402,30,127.6860160243962,gt;is_not_null,1,0.157946
152,11,7614,2402,99.6860160243962,gt,1,0.3084670000000001
152,18,3850116,1668164,34.63403790950714,is_not_null,0,45.40649100000006
152,20,1858887,235057,16.0,gt,0,4.328049999999992
152,25,2177293,2177291,4.0,le,0,6.460992000000015
1545,11,1260710,1174,62.893136407262574,gt,0,3.579534000000004
1572,9,39392,39392,64.79287961713362,le,0,0.06209399999999999
1572,16,2163672,347292,12.0,gt,0,14.055342
1584,5,1260679,1260679,42.893136407262574,le,0,2.2293469999999993
1584,12,371632,371632,36.0,gt,0,2.263557
1622,5,1668164,990401,80.66787961713362,le;eq,1,26.47459100000001
1622,21,1260710,1260709,12.0,ge,0,1.4359119999999974
1669,5,1260710,26346,54.893136407262574,gt,0,2.4426689999999986
1669,14,1668164,0,20.0,gt,0,11.222941000000011
1696,20,1539758,1539758,40.893136407262574,le,0,3.142974999999999
17357,6,11215,11215,30.893136407262574,le,0,1.0055720000000004
1765,4,194389,2585,70.89313640726257,gt,0,11.686035999999994
18,4,1260710,1260679,70.89313640726257,le,0,2.596975999999999
18,12,4530,4530,20.0,gt,0,0.066915
180,12,145542,121708,60.667879617133615,gt,0,2.2331630000000007
1823,11,1260710,549021,42.893136407262574,gt,0,18.627819999999996
1854,6,72985,72984,96.79287961713362,le,0,0.254608
1854,19,2163672,347292,20.0,gt,0,18.818449999999963
187,15,1260710,1191653,46.893136407262574,lt,0,2.575806000000001
188,2,1174,19,42.893136407262574,gt,0,0.030015999999999998
188,15,1260710,1174,58.893136407262574,gt,0,1.900684999999999
1919,6,,0,64.79287961713362,gt,0,9.999999999999999e-05
1919,18,1668164,0,68.66787961713362,ge,0,471.5798160000002
1925,8,371631,284,82.89313640726257,gt,1,2.786702000000001
1925,12,1260710,371631,74.89313640726257,gt,0,2.1439360000000014
1945,8,6101651,6098159,24.25,ge,0,22.325691000000027
1945,27,8928266,2666831,68.66787961713362,le,0,47.703337
1945,37,121464,22520,34.30370321292209,le,0,19.647128999999993
20028,8,549021,548057,74.89313640726257,le,0,0.7427890000000003
20028,19,1260710,549021,16.0,gt,0,18.221712999999983
20028,25,152,152,28.0,gt,0,0.016040000000000002
20039,7,1090175,1090072,87.01813640726257,gt,0,2.4604820000000003
20076,17,3850116,1432803,1098.491422855831,gt,0,22.67283999999995
2010,18,1076537,173187,44.176969128506954,is_not_null,0,6.336991000000002
20370,6,1260710,1244500,72.0,le,0,3.617195
20370,16,12143,12143,28.0,gt,0,0.15760400000000002
20609,8,145471,0,46.0,le,0,0.8790779999999998
20609,24,296393,296393,16.0,ge,0,0.7630480000000004
20652,13,1260710,1260710,50.893136407262574,is_not_null,0,15.316133999999998
2070,3,,0,151.5610160243962,gt,0,0.000191
2070,12,145542,0,64.66787961713362,le,0,0.4468759999999999
2070,17,1260709,62574,62.893136407262574,gt,0,1.979029000000001
2070,20,11739825,11739227,49.018136407262574,ge,0,25.45915600000001
20719,7,1260710,76720,72.89313640726257,gt,1,10.709682000000003
20809,10,988651,843669,105.64521162678173,gt,0,24.780604999999994
20809,18,3850116,1034470,24.0,gt,0,6.02967100000002
20866,5,,0,124.66787961713362,gt;is_null,1,0.000191
20866,9,3832632,2,16.125,eq,0,15.344949000000021
20866,12,2048,2048,36.0,gt;is_not_null,1,0.092512
20866,15,48810782,38114786,22.25,ge,0,95.78461999999806
20866,22,1273,0,60.667879617133615,le,0,0.045094
20866,24,145542,1273,70.66787961713362,gt,0,0.5547390000000002
20887,2,,0,32.0,gt,0,0.00011
20887,15,2048,2013,42.0,gt,0,0.0216
20887,29,,0,42.893136407262574,le,0,5.9999999999999995e-05
20887,34,1260710,0,43.018136407262574,gt,0,7.947720999999996
20889,11,11215,11215,66.89313640726257,le,0,0.05175400000000001
20889,22,1233,536,56.917879617133615,gt,0,0.011973
20889,25,2260,1233,52.792879617133615,is_not_null,0,0.049061
2090,16,1260710,1260679,8.0,le,0,2.845306999999996
2090,21,177535,24516,12.0,gt,0,2.6319509999999995
21,10,3523972,3523972,24.25,ge,0,5.855807000000013
21,16,5753,3052,80.54287961713362,le,0,0.041187
21,18,3850116,120507,20.0,gt,0,5.44086699999996
21187,3,,0,143.5610160243962,lt;gt,1,0.00023
21187,13,1260710,0,66.89313640726257,gt;is_not_null;is_null,4,16.948181000000005
21342,9,181425,142839,82.89313640726257,gt,1,2.3480440000000007
21342,22,1260710,181425,44.176969128506954,is_not_null,1,76.45231300000002
21391,6,,4993,175.5610160243962,gt,1,0.15004
21391,17,3033413,3033382,40.893136407262574,le,0,4.055981000000001
21514,8,1260710,1260679,72.0,le,0,1.795086999999998
21514,25,378227,378227,8.0,gt,0,5.513816
21552,3,222304,43843,102.89313640726257,gt,1,3.800798999999999
21552,14,371632,222305,28.0,ge;is_null,1,12.868970000000001
21633,11,1260710,10888,50.893136407262574,gt;ge;le;ne,2,4.0803059999999975
21769,13,145542,0,68.66787961713362,gt,0,0.263254
21769,23,194389,194389,40.0,is_not_null,0,0.3823100000000002
21769,26,1539758,1539758,14.0,le,0,2.233820999999992
21866,4,,0,161.88346666166802,lt;is_not_null,1,0.000671
21866,7,83382,82040,48.542879617133615,between,1,0.7103290000000003
21866,9,145542,83382,78.54287961713362,gt,0,0.432284
21981,35,11795244,3044589,18.125,eq,3,287.20654799999915
22117,4,1260710,0,48.0,gt,0,2.1269549999999997
22118,5,1260710,549021,16.0,gt,0,1.5862420000000026
22118,13,329474,40070,28.0,is_not_null;between,2,1.4185609999999993
22203,15,1260710,549021,42.893136407262574,gt,0,17.907548000000006
22203,30,371632,371632,44.0,is_not_null,0,1.0200939999999998
22228,6,219935,205668,56.542879617133615,eq,0,14.141357999999977
22228,12,236834,219935,52.667879617133615,gt;is_not_null,1,9.999297000000004
22228,33,549021,549021,16.0,le,0,0.6758169999999999
22228,37,1260710,549021,54.893136407262574,gt,0,1.8824110000000007
22271,13,,76721,106.89313640726257,gt,1,11.075908999999996
22271,33,1273148,384794,6.0,eq,1,6.260314999999995
22400,13,156,132,42.893136407262574,gt,0,0.006112
22400,21,3850116,3850116,24.0,is_not_null,0,7.792269000000002
22400,30,1260679,549021,42.893136407262574,gt,0,1.8001890000000016
22400,33,3033413,3033382,38.893136407262574,le,0,6.666743000000002
2245,10,1260710,62575,58.893136407262574,gt,0,2.080020000000001
2246,8,3033413,3033382,38.893136407262574,le,0,3.877083
2246,13,371632,371632,28.25,gt,0,3.204650000000001
2249,6,3033413,3033382,40.893136407262574,le,0,7.148101000000006
2249,10,371632,371632,36.0,gt,0,3.0799739999999995
22552,4,374117,120,20.0,gt,1,11.093916000000009
22552,8,62575,62575,70.89313640726257,le,0,0.21476999999999988
22552,10,1260710,62575,82.89313640726257,gt,0,3.9843379999999953
22580,14,1246486,1246486,42.893136407262574,le,0,2.477928999999999
22580,20,32453,2688,36.0,gt,1,0.6738280000000001
22664,5,9927,5106,95.8110160243962,is_not_null;is_null,1,0.15083300000000002
22664,11,65045,65045,28.0,le,0,0.18904599999999994
22664,13,1260710,65045,62.893136407262574,gt,1,6.508321000000002
22664,31,131474,121464,24.0,gt,0,0.18454599999999996
228,14,371632,6955,12.0,ge,0,1.0270640000000002
228,19,371632,62576,28.0,gt,0,1.007557
228,24,1260679,11220,34.893136407262574,ge;eq,0,25.328654000000014
2284,11,3850116,111530,16.25,is_not_null,0,13.156424000000037
2284,15,1260710,371631,62.893136407262574,gt,0,1.8929269999999971
2289,11,1260710,11215,38.893136407262574,gt,0,3.041942000000001
23122,4,371624,153698,52.0,ge;le;is_not_null,2,4.691138000000003
23122,8,1260710,371624,64.0,ne;gt,1,26.855224999999987
23122,26,3850116,111530,12.25,is_not_null,0,21.378733000000057
23193,6,370473,338773,76.0,gt,0,11.476258999999995
23193,8,1260710,370473,60.0,eq;gt,1,17.634949999999982
23216,4,1260710,56055,86.89313640726257,gt,1,14.997448000000016
23252,7,3850116,3685416,18.25,is_not_null,0,44.20542100000009
23267,4,172088,0,88.0,gt,0,0.3628199999999998
23267,20,194389,172088,48.0,ge,0,4.646364999999999
23345,8,3685416,1589663,107.6860160243962,,0,40.60388899999998
23468,6,1260710,27845,58.893136407262574,gt,0,3.2144920000000012
23590,12,715836,715836,42.893136407262574,le,0,1.332416999999999
23590,17,1668164,35212,48.125,gt,0,5.644080000000002
2360,20,1174,1174,12.0,le,0,0.023272
2360,22,1260710,1174,32.0,gt,1,6.336802000000001
2360,31,3850116,3788089,16.0,eq;is_not_null;is_null,2,15.583610000000004
23710,4,1260679,46895,50.893136407262574,gt,1,3.5221890000000045
23710,7,4574495,4574464,55.143136407262574,le,0,6.029359999999997
23710,12,3850116,3685416,24.25,is_not_null,0,25.709271999999984
23710,24,3850116,3685416,20.125,is_not_null,0,19.715185999999964
23710,26,120507,120507,76.0,gt,0,1.0691859999999997
23731,13,145542,145539,62.667879617133615,le,0,0.20524700000000007
23731,17,29569,24136,20.0,gt,0,0.43190799999999996
23758,6,1260710,549022,90.89313640726257,gt,1,29.519900000000007
23860,5,2048,2048,24.0,lt;ne;is_null,1,0.1975
23860,19,9927,9904,70.66787961713362,between,1,0.088105
23860,23,549021,549021,12.0,gt,0,5.707713
23976,6,751,635,88.54287961713362,eq;is_not_null,0,0.06434100000000001
23976,11,9927,751,92.66787961713362,gt,1,1.2707189999999997
23994,4,151304,151304,60.0,eq;is_not_null,0,0.328575
23994,14,1260710,151304,48.0,gt;eq,1,12.151467000000043
24002,2,30374,6813,64.0,gt;lt,1,1.3135640000000002
24030,4,70078,68089,1079.5735432386973,,0,0.5498039999999998
24030,14,349684,155433,1100.241422855831,ge,0,1.7101499999999998
24030,21,1260679,11220,34.893136407262574,ge;le;eq,1,12.760072000000006
24058,3,1045736,173089,112.0,gt,1,5.798813999999994
24058,23,1260710,549021,56.893136407262574,gt,0,1.815920000000001
24072,3,1260710,1260710,119.01813640726257,is_not_null,0,68.39933399999995
24181,11,129106,72510,144.96984874564058,eq;gt,2,2.3471290000000002
2421,10,1260710,549021,42.893136407262574,gt,0,1.5742380000000005
24382,4,3685416,1331091,112.54287961713362,gt,1,83.39038599999985
24394,18,9917,5096,58.667879617133615,is_not_null,0,0.10807099999999999
24394,21,10232775,838966,22.0,gt,0,18.593519000000292
2442,5,2163672,347707,92.66787961713362,gt,2,59.10014699999998
2442,8,3850116,3850113,82.66787961713362,le,0,5.2680540000000295
24705,4,1536822,244472,72.0,gt,0,5.943647999999997
24705,25,1432803,1278486,60.917879617133615,eq;lt;is_null,1,53.52858300000002
24801,4,145567,84472,96.66787961713362,gt;is_not_null,1,1.847034
24801,28,121464,121464,26.303703212922088,is_not_null,0,7.622696999999973
24811,10,1260679,1260679,32.0,is_not_null,0,3.347266999999999
24811,13,1288855,1288824,14.125,le,0,2.1217789999999996
24811,19,3845457,1668164,72.79287961713362,,0,24.599560000000004
24816,4,189995,164801,151.5610160243962,eq;is_null,2,2.182586999999999
24816,18,1260710,1260679,86.89313640726257,le,0,2.1626839999999983
2521,8,1265966,1265966,16.125,le,0,2.224071
2521,18,9927,9924,68.79287961713362,le,0,0.027198999999999997
2521,22,3138638,3138638,12.0,gt,0,26.060867999999964
25217,3,11215,11013,66.89313640726257,gt,0,0.028163999999999998
25217,16,1976,1976,49.215587044534416,gt,0,0.005531
25231,16,3033413,3033382,40.893136407262574,le,0,4.014854999999994
25335,7,1260710,549021,66.89313640726257,gt,0,3.6128179999999985
25352,13,371624,371624,16.0,gt,0,0.4338799999999998
2537,16,1260710,1260088,38.893136407262574,ge,0,16.39946999999999
25458,13,1976,1936,8.0,gt,0,0.013295000000000001
25458,20,10,10,50.893136407262574,gt,0,0.0059
25521,8,3850116,1668164,34.75903790950714,is_not_null,0,37.41137999999999
25541,10,3033413,3033382,38.893136407262574,le,0,7.093646000000006
25546,15,32452,2731,66.89313640726257,gt,0,0.119511
25554,9,10,10,50.893136407262574,le,0,0.004919
25602,9,1976,1976,65.21558704453442,gt,0,0.00594
25617,2,301139,58191,32.0,gt,0,0.4768580000000001
25670,12,11215,11215,34.893136407262574,le,0,0.8194319999999994
25679,3,1260679,549021,66.89313640726257,gt,0,1.8811119999999992
25679,6,3033413,3033382,40.893136407262574,le,0,3.939528999999998
25679,10,371631,36838,36.0,gt,0,0.5630849999999998
25679,13,3850116,3685416,16.25,is_not_null,0,33.94326399999997
25760,15,1668164,709036,1106.875460765338,gt;ge,0,388.9040289999994
25771,13,11215,11215,30.893136407262574,le,0,0.5644330000000001
25798,17,3904661,3904661,38.125,ge,0,12.351394999999943
25798,23,4044765,982613,24.0,le,0,6.012073
25918,13,1260710,371631,74.89313640726257,gt,0,2.0376720000000015
26066,13,10,10,72.66787961713362,gt,0,0.0076040000000000005
26076,5,2048,936,148.28879508554465,gt,0,0.015358000000000002
26076,16,1260710,0,32.0,gt,0,16.123437999999968
2612,6,1668164,1668164,139.5610160243962,gt;is_null,1,14.738072999999998
26186,6,1668164,1165300,1122.750460765338,gt,0,3.5995439999999954
26232,14,1976,1428,57.215587044534416,gt,0,0.005179
26232,16,10,8,50.893136407262574,gt,0,0.01065
26232,23,11215,11215,30.893136407262574,le,0,0.8061850000000003
26327,8,1260710,1260679,70.89313640726257,le,0,2.577563000000002
26346,22,,0,41.215587044534416,gt,0,0.00011999999999999999
26346,29,1260710,11215,92.0,gt,0,4.316361999999995
26355,18,403475,403475,38.63403790950714,gt,0,0.5180849999999996
26513,11,1668164,1668163,52.542879617133615,le,0,6.669445999999999
26704,6,586089549,586089518,49.018136407262574,le,0,1060.9156369999816
26704,15,145542,96,1116.8754607653382,eq,2,484.4174519999999
26787,10,10,5,72.66787961713362,gt,0,0.011661999999999999
26831,3,1976,1875,8.0,gt,0,0.007975
26831,10,5738,2982,58.893136407262574,gt,0,0.017803
26831,14,329473,5738,58.893136407262574,gt,0,1.6030729999999995
26840,3,329473,48549,58.893136407262574,gt,0,0.9669919999999997
26840,12,6292,4368,8.0,gt,0,0.018163999999999996
2687,14,3850116,2788288,68.66787961713362,gt,0,5.721137000000008
2691,11,1668164,11686,70.89313640726257,gt,0,5.6534799999999965
27106,6,1260710,0,54.893136407262574,gt,1,6.694207000000003
27106,20,3850116,120507,16.0,gt,0,7.332382999999977
27183,3,1976,1876,65.21558704453442,gt,0,0.014928
27183,15,1126006,64136,8.0,gt,0,1.493077
27183,26,154582,24618,34.893136407262574,gt,0,0.39943799999999996
2722,5,,0,132.66787961713362,gt;is_null,1,0.000381
2722,15,145542,0,72.79287961713362,le,0,0.5123379999999998
2722,20,1260709,62574,40.0,gt,0,1.8375990000000004
2722,23,5493340482,5491252266,32.375,ge,0,6622.914038063123
27229,5,,0,98.89313640726257,gt,0,0.00015099999999999998
27229,16,329473,26346,38.893136407262574,gt,0,0.45562700000000006
27582,26,11795244,3666308,6.0,eq,2,225.9764810000003
27651,10,3845457,501705,36.25,ge,0,5.792357000000034
27651,18,172088,172088,82.89313640726257,le,0,0.667058
27651,20,1260710,549021,40.0,gt,0,3.434812000000003
27660,6,10,10,16.0,ge,0,0.004799
27660,21,1668153,1668153,52.792879617133615,le,0,5.099578999999998
27709,12,186402,137480,30.634037909507143,gt,0,16.021756999999976
27739,8,1260710,1260679,74.89313640726257,le,0,1.7564469999999996
27851,8,586089549,586089518,57.143136407262574,le,0,1072.4959039999285
27851,17,1668164,578135,84.79287961713362,ge,0,7.6122499999999995
27917,5,329474,57968,28.0,ge,0,0.5026419999999998
27917,14,1976,1887,8.0,ge,0,0.006081
27946,33,5712929,4044765,1150.875460765338,gt;ne;is_not_null,1,4978.508411999716
28007,8,12744093,9302949,10.0,eq,1,115.15960000000032
28007,11,1668164,709036,87.30191752664075,gt;lt;ge,0,248.53847300000015
28027,20,3845457,0,12.0,gt,0,50.80295299999995
2803,14,1260679,11457,40.0,gt,0,2.928061999999999
2803,17,2346038465,2346038434,22.0,le,0,4293.9063469991015
28032,7,3850116,1055776,142.07005393390332,gt;eq,1,62.35710199999999
28110,12,10,10,8.0,gt,0,0.08009
28165,7,3033382,3033382,48.893136407262574,le,0,11.697598999999993
28292,5,3033413,3033412,24.00815299320677,ge,0,3.7995090000000054
28292,10,1976,1876,49.215587044534416,gt,0,0.007313
28292,19,2396486,2396486,43.018136407262574,ge,0,3.447817000000005
28292,23,10,2,20.0,le,0,0.006161
28306,4,1045736,0,58.893136407262574,gt,0,2.000275000000002
28306,20,18630,3107,36.376239962640085,gt,0,0.039504
2831,8,145721,0,64.66787961713362,le,0,0.2901470000000001
2831,14,194437,103423,44.0,gt,1,0.8326149999999998
2831,17,35870225,35870225,22.25,ge,0,45.71422299999972
28321,9,1260671,9155,90.89313640726257,gt,0,5.365159
28321,12,4574495,4573859,49.143136407262574,between,1,25.233258000000056
28380,4,1260710,36838,82.89313640726257,gt,0,12.482317999999994
28380,16,36838,36838,82.89313640726257,gt,0,0.32637
284,3,2377,2377,75.01813640726257,le,0,0.005851
284,14,1260710,36838,63.018136407262574,gt,0,3.8606140000000004
28469,15,1976,1936,73.21558704453442,gt,0,0.013725999999999999
28524,19,1976,1976,8.0,gt,0,0.007374
28597,8,4683543,1245915,68.66787961713362,le,0,12.920566999999979
28597,19,11795244,3505116,20.0,le,0,26.55528699999998
28597,23,1260710,1260709,54.893136407262574,ge,0,1.5997250000000003
28604,3,1260710,580978,90.89313640726257,gt,1,19.20847
28646,9,1260679,549021,42.893136407262574,gt,0,1.6005319999999996
28646,12,3033413,3033382,38.893136407262574,le,0,3.8556270000000037
28667,24,1877,1505,8.0,gt,0,0.009307000000000001
2880,11,1260710,549021,66.89313640726257,gt,0,10.717819000000006
28839,7,347861,347861,1143.3429590638048,le,0,0.7802679999999996
28839,11,34,34,82.89313640726257,gt,0,0.024415
28839,14,43671050,43671050,61.268136407262574,ge,0,51.2676799999996
2885,6,3033413,3033382,40.893136407262574,le,0,3.978421999999999
2885,12,9927,1899,76.54287961713362,gt,1,0.054964000000000006
28879,24,1976,0,41.215587044534416,gt,0,0.012453
28894,21,5,5,49.215587044534416,gt,0,0.0013319999999999999
28894,24,1778,925,49.215587044534416,gt,0,0.009146999999999999
29018,10,462258,462258,34.63403790950714,le,0,1.126613
29018,15,1589663,1589663,43.143136407262574,ge,0,3.103564999999994
29086,10,11215,11215,62.893136407262574,le,0,0.06702500000000002
29102,4,1260710,1260709,32.0,ge,0,1.6086480000000025
29102,19,922952,251526,76.54287961713362,le,0,4.203056000000005
29115,9,371625,36836,12.0,gt,0,0.7696719999999996
29115,23,1976,1936,8.0,gt,0,0.009397
29284,4,403475,12096,38.63403790950714,gt,0,0.649538
29284,12,329473,48549,58.893136407262574,gt,0,0.524024
29320,9,371631,36838,60.893136407262574,gt,0,1.441025
29320,12,1260710,371631,74.89313640726257,gt,0,1.919278
29321,2,1877,1106,44.125,gt,1,0.032811999999999994
29335,11,1668164,1668164,30.634037909507143,is_not_null,0,4.724447000000004
29487,5,1260679,1260679,46.893136407262574,le,0,2.2980949999999996
29487,14,371632,371632,44.0,gt,0,3.2292339999999995
29608,15,,0,57.215587044534416,gt,0,8e-05
29631,8,1260710,572292,74.89313640726257,gt,1,20.609427000000004
29656,5,1880,1514,32.0,gt,0,0.013083
29726,6,3033413,3033382,40.893136407262574,le,0,3.991141999999994
29726,10,371632,371632,44.0,gt,0,0.47747600000000007
29793,4,32452,1398,58.893136407262574,gt,0,0.14699600000000002
29793,13,1976,1936,8.0,gt,0,0.007973999999999998
29842,8,3685416,0,1106.875460765338,gt;lt,0,416.4096529999998
29933,13,295920,15127,24.0,gt,0,0.4187670000000001
30104,11,1260679,1260679,66.89313640726257,le,0,2.6274379999999993
30104,25,371631,371631,42.893136407262574,gt,0,0.43547599999999986
30124,27,34,2,36.5,eq,1,0.026169
30124,29,1260679,549021,18.0,gt,0,1.630212000000002
30124,32,3033413,3033382,14.0,le,0,3.814381000000009
30128,11,329473,48549,50.893136407262574,gt,0,0.4398929999999999
30128,18,74334,74333,24.125,le,0,0.10790199999999996
30203,3,3685416,5848,88.54287961713362,gt,0,25.84859299999991
30203,19,3850116,3685416,56.667879617133615,is_not_null,0,16.918893000000033
30204,21,2429,2429,30.893136407262574,le,0,0.2840910000000002
30227,11,11215,8641,62.893136407262574,gt,0,0.042611
30252,1,1260710,2419,16.0,gt,0,2.8826459999999985
30355,8,69092,0,78.66787961713362,le,0,0.8072259999999999
30355,16,10,10,50.893136407262574,ge,0,0.006182
30384,14,1668164,1090080,38.125,eq;gt,0,11.103567999999992
30384,24,1260679,48549,24.0,gt,0,1.627549
30384,28,61762323,61762292,16.0,le,0,80.0065969999986
3044,3,2068,2068,28.0,gt,0,0.473795
3044,5,2068,2068,32.0,ge,0,0.014285999999999998
3044,19,145542,0,68.66787961713362,le,0,0.42333200000000015
3047,4,1260710,1260710,90.89313640726257,is_not_null,0,11.901774999999997
3051,13,632948,632948,40.893136407262574,le,0,1.072446
3054,6,10,10,46.893136407262574,gt,0,0.005681
30663,22,1260710,32452,54.893136407262574,gt,0,2.8298910000000004
3067,15,1260679,0,46.893136407262574,eq;gt,0,32.834972
3067,18,1288855,1288824,37.018136407262574,le,0,3.2117459999999984
30692,11,1260710,36838,66.89313640726257,gt,0,2.0857039999999984
30824,5,9927,8064,88.54287961713362,gt,1,0.08387599999999999
30824,22,8064,8064,88.54287961713362,gt,1,0.070031
30944,3,21373,20407,76.17696912850695,gt,0,0.053031
30959,10,1260679,76938,62.893136407262574,gt,0,1.8586239999999998
30959,13,587514646,587514615,55.018136407262574,le,0,1104.334385000225
30969,9,129145,43031,82.89313640726257,gt,0,0.6800239999999999
3097,2,1260710,8,50.893136407262574,gt;ge,1,7.207305000000004
3102,15,1260710,549021,70.89313640726257,gt,0,4.235503
31090,18,1260710,549021,12.0,gt,0,1.0375220000000005
3112,15,1260710,0,70.89313640726257,eq;gt,2,29.760928000000014
31145,12,1260710,549021,54.893136407262574,gt,0,76.06003399999996
31145,17,169,22,46.893136407262574,eq;gt,0,0.017272
31154,1,11214,1720,46.893136407262574,gt,0,0.10635
31154,17,3699809,3699809,20.25,between,1,31.358471000000034
31154,26,11215,11215,42.893136407262574,between,1,1.5775000000000006
31166,9,1038260,1038253,107.6860160243962,gt;is_null,1,8.062076000000001
31166,18,2788288,1090175,60.792879617133615,is_not_null,0,25.070451000000045
31175,25,954760,941272,44.125,between,1,10.117910999999996
31175,33,549021,549021,12.0,gt,0,0.6538870000000009
31194,10,3033413,3033382,10.0,le,0,3.707557999999991
31194,17,9927,97,28.0,gt,0,0.078187
31194,18,9927,9927,28.0,gt,0,0.013645000000000001
31194,24,194389,194389,34.893136407262574,le,0,0.7094719999999995
3125,8,1260710,62575,56.0,gt,0,1.7380899999999972
3131,2,10559,476,42.893136407262574,gt,0,0.085259
31367,12,1668164,35212,52.501239962640085,gt,0,10.824950000000014
31400,10,3965227,3965227,28.0,gt,0,4.583074000000002
3144,9,1260710,1260679,64.89313640726257,le,0,1.6279169999999976
31536,4,1336,1271,108.54287961713362,ge;is_null,1,0.08107099999999999
31562,2,11215,10348,86.89313640726257,gt,0,0.030368000000000003
31598,3,,19693,44.0,le,0,0.20629300000000003
31598,15,3850116,111530,12.125,is_not_null,0,11.00868200000003
31598,30,1260709,62574,50.893136407262574,gt;is_not_null,1,2.232175000000003
31598,34,4574495,4573897,43.018136407262574,ge,0,8.933634999999995
31602,10,1260710,3958,54.893136407262574,gt,0,2.332887000000001
31859,5,371632,371625,52.0,gt,1,5.6082800000000015
31859,9,549021,549021,40.893136407262574,le,0,1.266566999999999
31859,13,1260710,549021,54.893136407262574,gt,2,27.08794899999997
31868,16,1260710,371631,42.893136407262574,gt,0,1.6020410000000014
32156,3,1260710,356015,102.89313640726257,gt,1,24.913992000000007
3234,9,32452,2171,28.0,gt,0,0.07428099999999997
32360,13,9927,100,76.91787961713362,gt,0,0.19167700000000001
32360,17,85997,85997,8.0,le,0,0.186565
32360,19,1260710,85997,42.893136407262574,gt,0,1.693031
32459,10,1260710,36838,63.018136407262574,gt,0,7.260766000000002
32498,6,51047,23712,170.70415243165877,gt;is_not_null,1,0.33714999999999995
32498,18,3850116,959895,16.0,ge,0,4.598883000000017
32544,14,2048,453,12.0,gt,0,0.028694
32544,20,,0,48.0,gt,0,0.00011
32544,25,,0,38.893136407262574,is_not_null,0,7.000000000000001e-05
32550,9,371631,371631,58.893136407262574,gt,0,0.5272849999999999
32550,12,1260710,371631,66.89313640726257,gt,0,1.965446000000001
3260,13,11791,0,58.893136407262574,gt,0,0.14484199999999997
3260,14,1260710,11791,58.893136407262574,gt,0,1.912938000000002
32727,3,1260710,631,58.893136407262574,ge,0,6.308415999999999
32729,10,184173,455,46.893136407262574,gt,0,0.281784
3273,4,1260710,371813,102.89313640726257,gt,1,14.838944000000007
32768,12,200757,43200,14.0,le,0,10.82010400000001
32768,14,1260709,266528,58.893136407262574,gt,0,2.3204480000000025
32768,17,4574495,4573897,47.143136407262574,ge,0,11.29876499999995
32898,5,1589663,1285490,24.0,gt,0,6.477765999999999
32898,18,1288855,1288824,14.125,le,0,1.5542430000000005
330,5,1260710,2419,54.893136407262574,gt,0,1.9840119999999968
33104,3,371632,77555,16.0,gt,1,7.124087
33104,13,10,10,66.89313640726257,le,0,0.014357
33231,6,633076,633076,44.893136407262574,le,0,1.0890500000000005
33231,15,120507,120507,20.0,gt,0,0.990198
33353,26,564024796,564024796,57.018136407262574,le,0,996.6468830000308
3339,19,3850116,0,12.125,ge,0,1055.8867989999978
33391,7,,0,52.0,eq,0,0.00025
33391,17,11220,11220,8.0,le,0,0.37291600000000064
33426,9,4530,4530,44.0,gt,0,0.017933
33465,3,371631,62575,66.89313640726257,gt;is_not_null,1,1.479391
33465,25,,0,8.125,le,0,0.000521
33465,27,3850116,0,16.125,ge,0,1057.6920910000013
33474,22,11795244,594886,6.0,eq,2,100.89569700000038
33531,3,5570,27,76.54287961713362,gt,0,0.038732
33531,11,3686501,3686031,76.66787961713362,le,0,4.270860999999992
33531,32,11215,11215,30.893136407262574,le,0,0.968180000000001
3359,8,11215,1034,82.89313640726257,ge;is_null,1,0.9500739999999999
3377,6,11215,0,58.893136407262574,gt,0,0.09374500000000001
3377,20,,0,58.893136407262574,gt,0,8.999999999999999e-05
33789,7,,0,24.0,gt,0,0.0003
33789,16,3684817,3684817,108.54287961713362,between,1,22.674034
33789,24,549021,549021,12.0,gt,0,4.2765320000000004
3379,5,3033413,3033382,10.0,le,0,3.719694000000001
3379,10,24028,24028,139.4360160243962,lt;is_null,1,0.173992
3379,31,145542,50746,32.0,gt,0,0.229495
3379,41,11215,11215,38.893136407262574,le,0,0.017704
33944,16,1231480,230301,62.36756549880623,is_not_null,1,12.32259899999999
34003,4,1260710,580978,107.01813640726257,gt,3,26.016354999999997
34051,12,1260710,0,58.893136407262574,gt,0,8.377812000000011
34298,10,1045736,5241,42.893136407262574,gt,1,3.405275000000001
34497,3,46883,42665,24.0,gt,0,0.37228300000000003
34497,9,323743,46883,56.0,gt,0,1.0995289999999995
34499,14,1668164,236834,76.79287961713362,gt,0,7.9014169999999995
34957,2,25132602,2091969,78.89313640726257,gt,0,104.22960800000038
34959,20,4574495,4499577,240.80573526990074,ge,0,77.58172899999997
34974,7,,0,88.54287961713362,le;gt,1,0.30634599999999995
34974,27,10,10,38.893136407262574,ge,0,0.004999
3562,4,35212,33137,99.5610160243962,eq,0,1.28958
3584,10,3033413,3033382,44.893136407262574,le,0,3.9376059999999917
3584,17,371632,329474,20.25,gt,0,0.5353000000000001
3608,17,35129590,16359490,22.125,le,0,54.680462000000695
3608,26,1260710,1260709,54.893136407262574,ge,0,1.675823000000001
3609,4,539,0,98.89313640726257,eq;gt,0,0.055133
3609,14,1260710,539,62.893136407262574,gt,0,10.308475000000001
3672,2,3542,686,118.89313640726257,gt,0,0.032
3672,16,11215,11215,30.893136407262574,le,0,0.07657100000000001
3672,18,1260710,11215,34.893136407262574,gt;ge;le;eq,1,13.586974999999988
3691,11,371632,371625,36.0,gt,1,7.89962
3697,13,11739825,11739794,24.125,le,0,24.030064000000117
3697,20,4530,283,20.0,gt,0,0.074811
3777,17,1144,1144,38.893136407262574,le,0,0.017463
3777,19,194389,1144,58.893136407262574,gt,0,0.336051
3812,17,12103,12103,14.125,le,0,0.027682000000000002
3812,19,1260710,12103,16.0,gt,0,6.5209129999999975
3812,31,145542,3320,68.79287961713362,gt,0,0.587509
3855,5,156757,0,112.66787961713362,gt;is_not_null,3,1.089126
3860,6,1260710,553781,110.89313640726257,gt;is_not_null,2,18.558302999999984
3878,5,371632,113725,36.0,gt,1,4.553939000000003
3878,12,113725,108462,36.0,gt,0,0.27239700000000006
3878,21,113725,36836,36.0,gt,0,0.5480759999999999
3914,13,11215,11215,34.893136407262574,le,0,0.016382
3914,15,1260710,11215,38.893136407262574,gt,0,1.626639000000005
3922,12,32453,1224,28.0,gt,0,0.32089799999999996
3966,5,3504,1643,58.893136407262574,gt,0,0.015287000000000002
3966,10,3850116,3850113,48.0,le,0,4.540692000000016
3966,24,194389,89324,44.176969128506954,le;is_not_null,1,3.487930000000002
3989,3,1260710,27845,58.893136407262574,gt,0,5.035800999999996
4053,14,11215,11215,34.893136407262574,le,0,0.017774
4053,16,1260710,11215,38.893136407262574,gt,0,1.558003000000002
4212,14,1260710,36838,60.893136407262574,gt,0,4.190740000000005
4230,8,11215,10701,94.89313640726257,gt,1,0.211594
4431,5,4758,87,68.125,ge,0,0.064058
4431,20,11215,11215,30.893136407262574,le,0,0.5147849999999997
4431,26,37379,15848,28.303703212922088,is_not_null,0,0.2844850000000001
4442,5,113802,109984,88.66787961713362,eq,0,1.9026729999999998
4442,17,1260679,85997,20.0,gt,1,12.388261999999992
4442,20,3033413,3033382,16.0,le,0,3.7333629999999953
4531,10,1260710,40037,66.89313640726257,gt,1,15.861705999999996
4587,12,9927,857,84.66787961713362,gt,0,0.09914500000000001
4587,24,11215,11215,34.893136407262574,le,0,0.020106
4587,26,1260710,11215,38.893136407262574,gt,0,1.6142070000000017
4625,5,1245113,1245113,46.893136407262574,le,0,2.271293000000002
4625,14,371632,108462,44.0,gt,0,3.3556660000000016
4635,7,194389,194389,28.0,is_not_null,0,1.3472870000000003
4635,12,194389,194389,20.25,le,0,0.23476900000000003
4635,20,1668164,213909,76.66787961713362,gt,0,2.544603000000004
4672,5,4527,1547,54.893136407262574,gt,1,0.056575
4672,8,9907,9904,59.018136407262574,between,1,0.09086
4672,24,1273148,384794,6.0,eq,1,5.785963999999998
4698,6,143650,1354,32.0,gt,1,2.5257410000000005
4759,8,194389,79825,40.0,eq;gt,0,1.865127000000001
4760,10,1260710,65041,66.89313640726257,gt,1,7.1979950000000015
4760,24,3850116,111530,16.25,is_not_null,0,11.92652000000003
489,29,7241822,6930741,4.125,is_not_null,0,37.68313000000004
4927,12,145542,14592,44.0,gt,0,0.24765299999999996
4927,21,1260710,29733,54.893136407262574,gt;ge,2,3.142110000000001
5004,8,2397735,2397735,51.143136407262574,ge,0,4.846265999999993
5004,15,29729,19437,32.125,le,0,0.05540699999999999
5004,17,35212,29729,40.125,gt,0,0.06584200000000001
5016,5,1260710,371631,82.89313640726257,gt,0,4.909709000000001
5016,17,3850116,0,12.125,ge,0,1054.2964750000008
5020,22,11181,11181,34.893136407262574,le,0,0.7514160000000006
5032,7,3033413,3033382,38.893136407262574,le,0,4.746154000000002
5032,15,11215,11215,34.893136407262574,le,0,0.6997249999999997
5090,10,3033413,3033382,16.0,le,0,3.7069139999999914
5090,18,5055,5055,34.893136407262574,le,0,0.5519890000000004
5112,6,10,10,66.89313640726257,le,0,0.007213000000000001
5112,9,1260710,549021,66.89313640726257,gt,0,1.9231989999999985
5115,17,3033413,3033382,38.893136407262574,le,0,3.805905000000002
5138,24,1288855,1288824,48.05833333333334,le,0,2.3976869999999963
5140,5,1260710,371631,70.89313640726257,gt,0,3.708286999999997
5145,6,3033413,3033382,12.0,le,0,4.172879000000005
5145,10,241230,38940,46.893136407262574,ge,0,0.36328000000000005
5145,31,3684363,823940,8.25,is_not_null,0,16.58989500000002
5241,6,1119175,0,88.66787961713362,le,0,5.980895999999997
5241,17,586089549,586088951,59.143136407262574,ge,0,1109.6847789999238
5277,22,11795244,4033389,18.125,in,0,82.27409400000016
5292,4,1260710,575077,62.893136407262574,gt,0,2.335829999999999
5305,10,3019039,3019039,56.893136407262574,le,0,6.129563000000004
5305,15,371632,36839,44.0,gt,0,0.592732
5314,6,349210,0,68.66787961713362,le,0,0.5814469999999999
5314,13,2406526,2406526,51.143136407262574,ge,0,4.913040999999999
5315,14,10,10,50.893136407262574,le,0,0.010169000000000003
5339,18,2110,2110,8.125,le,0,0.015509
5417,3,1260710,551030,74.89313640726257,gt,1,23.492854999999984
5448,10,1076537,359372,74.89313640726257,gt,0,1.802044
5474,8,8928266,2666831,64.66787961713362,le,0,16.71498399999996
5474,16,7847284,7847284,24.125,ge,0,11.758028999999961
555,5,12288,12288,50.893136407262574,ge,0,0.034623
5569,5,3033413,3033382,42.893136407262574,le,0,3.815198000000002
5572,4,1260710,557987,66.89313640726257,gt,2,26.894839999999988
5589,18,632948,632948,16.0,le,0,0.9941230000000011
5603,3,339716,4957,101.4360160243962,gt,0,1.1968940000000003
5620,11,1260710,371631,66.89313640726257,gt,0,1.9934790000000002
5638,11,3850116,3685416,18.25,is_not_null,0,41.73869900000001
5669,4,1260710,1260679,70.89313640726257,le,0,1.7919669999999996
5669,13,371632,371632,36.0,gt,0,3.01372
5698,12,371632,371632,36.0,gt,0,3.1727619999999996
5715,3,1260710,222518,74.89313640726257,gt,0,27.006499000000026
5719,9,4828945,0,42.0,le,0,11.114506999999998
5719,23,3033413,3033412,40.893136407262574,ge,0,9.719377999999997
5748,3,1260710,0,86.89313640726257,gt,0,13.835018000000005
5798,6,3033413,3033382,40.893136407262574,le,0,3.9451560000000025
5798,10,32453,1224,44.0,gt,0,0.3234540000000001
5817,8,10,10,76.79287961713362,is_null,0,0.012984
5817,18,11215,11215,30.893136407262574,le,0,0.5245679999999999
5843,11,1260710,371631,82.89313640726257,gt,0,4.572149000000002
5861,24,1260710,11215,40.0,gt,0,1.6894350000000016
5990,19,12744093,10648453,10.125,eq,3,135.70594299999962
6139,10,32453,2172,44.0,gt,0,0.317775
6166,21,1260710,549021,16.0,gt,0,1.6406820000000004
6212,23,10,10,12.0,le,0,0.006241
622,16,1260679,282915,62.893136407262574,gt,0,6.851013999999989
622,20,586089549,586089518,45.143136407262574,le,0,1039.5282440000854
6259,7,323743,323712,50.893136407262574,le,0,0.8627000000000007
6270,9,549021,549021,16.0,le,0,0.630574
6270,11,1260710,549021,42.893136407262574,gt,0,1.6302140000000014
6300,7,1260710,371631,74.89313640726257,gt,0,2.042335999999998
637,3,45020,45020,40.0,gt,0,0.06355999999999999
6397,7,1260710,549021,66.89313640726257,gt,0,1.902640999999999
6425,9,3033413,3033382,40.893136407262574,le,0,3.952820000000001
6440,10,3285801530,1510979829,61.143136407262574,le,0,11410.29770199828
6440,24,1260709,538,66.89313640726257,gt,0,2.4226839999999994
6440,27,1288855,1285363,41.018136407262574,ge,0,2.7870309999999967
6446,24,11795244,4070447,18.0,eq,3,169.34972600000003
6448,10,6101651,6101620,49.018136407262574,le,0,9.371164999999976
6460,8,35129590,16359490,70.66787961713362,le,0,111.55969999999881
6460,15,,62574,84.0,ge,0,0.08790400000000004
6460,17,1260710,62575,68.0,gt,0,4.938962999999998
6469,4,371632,36839,28.0,gt,0,0.543792
6469,8,11215,11215,52.893136407262574,le,0,0.05327799999999999
6469,12,11215,11215,66.89313640726257,gt,0,0.022052999999999996
6537,7,1260710,549021,66.89313640726257,gt,0,1.8909679999999984
6563,4,10,7,64.0,gt,0,0.029505
6597,10,194389,35529,62.893136407262574,gt,0,0.35879
6599,18,31701,20044,42.893136407262574,gt,0,0.061154999999999994
6599,25,94054,94023,30.893136407262574,le,0,0.5648210000000002
6605,6,23952,0,14.0,le,0,0.11356399999999996
6605,10,354,354,59.018136407262574,ge,0,0.00552
6605,12,11215,354,86.89313640726257,gt,1,0.181347
6607,12,1773112,0,50.25,le,0,6.859213999999999
6607,21,3684818,3684818,4.125,is_not_null,0,7.819366999999971
6632,7,3850113,11746,40.0,gt,1,8.209333000000024
6632,11,8928266,8928263,18.0,le,0,11.020366000000037
6632,17,,0,40.893136407262574,le,0,8.999999999999999e-05
6632,21,1260710,0,46.893136407262574,gt,0,2.2297500000000015
6683,4,1260679,1260679,46.893136407262574,le,0,2.2252229999999997
6683,12,17731,17731,28.0,gt,0,0.162776
6686,9,3033413,3033382,18.0,le,0,3.7720940000000036
6686,13,371632,371632,44.0,gt,0,3.255726999999999
6690,8,158635,29151,32.0,gt,0,0.2560649999999999
6690,11,6477077,6477039,18.125,between,1,21.993849000000075
6690,17,82468,5905,12.0,ge,1,0.46389500000000006
6696,8,11795244,4070447,18.125,eq,3,158.15821800000003
6696,10,1260710,371631,74.89313640726257,gt,0,2.090367
6704,18,1097129,1097098,51.143136407262574,le,0,2.167696999999999
6732,4,371632,62576,36.0,gt,0,0.5638280000000002
6732,10,11215,11215,56.893136407262574,le,0,0.027202
6757,10,10,10,64.0,le,0,0.007795000000000001
6757,13,1260710,371631,64.0,gt,0,5.0394520000000025
6759,24,30059,30059,39.018136407262574,le,0,0.060662
6759,30,11215,11215,8.0,le,0,0.4167849999999996
6780,20,1260710,371631,50.893136407262574,gt,0,1.743230999999998
6788,11,41762,7762,36.25,ge,0,0.101544
6788,19,11215,11215,30.893136407262574,le,0,0.4936839999999999
6815,23,7241822,6930741,4.125,is_not_null,0,37.65989099999995
6878,13,10,10,38.893136407262574,le,0,0.006081
6878,20,1260710,539,16.0,gt,0,1.6623469999999994
6889,7,1260710,33357,74.89313640726257,gt,1,2.3021459999999987
6890,20,3850116,0,12.125,gt,0,1060.535124
6892,3,1668164,620303,108.54287961713362,gt;eq,1,9.307412000000005
690,13,2163672,347292,12.0,gt,0,14.238718999999996
690,18,736,736,64.79287961713362,le,0,0.0030759999999999997
690,20,9927,736,72.79287961713362,ge,0,0.20512400000000003
6970,10,1260710,549021,66.89313640726257,gt,0,10.841000000000006
6987,6,10,10,82.89313640726257,le,0,0.007073
7009,20,11220,11220,30.893136407262574,le,0,0.53277
705,4,323932,128753,70.89313640726257,gt;is_null,1,6.392528000000011
7074,7,1260710,36664,66.89313640726257,gt,0,2.1544539999999985
7123,22,275301,0,78.89313640726257,gt,1,0.8923090000000005
7139,12,11215,11215,30.893136407262574,le,0,0.5436300000000004
7145,6,3033413,3033382,14.0,le,0,3.793040000000002
7145,14,11220,11220,38.893136407262574,le,0,0.6780620000000005
7201,7,69092,68851,32.125,ge,0,0.16750199999999998
7201,13,,0,123.5610160243962,le,0,0.00025100000000000003
7201,17,5096,0,60.667879617133615,le,0,0.019586000000000003
7201,21,1260709,549021,66.89313640726257,gt,0,1.8108069999999987
7201,24,3033413,3033412,40.893136407262574,ge,0,3.932192999999999
721,9,8641,8641,54.893136407262574,gt;lt,1,0.07732599999999999
721,12,11215,8641,62.893136407262574,gt,0,0.031498
721,20,1260710,11215,34.893136407262574,gt;ge;le;eq,1,13.733680000000005
7259,8,1589663,1589662,83.01813640726257,between,1,4.864342000000006
7259,21,549021,549021,12.0,gt,0,4.503699000000002
7281,7,11215,10883,78.89313640726257,gt,0,0.074791
7289,3,656461,34097,92.89313640726257,gt,0,2.233119
7320,11,11215,11215,58.893136407262574,le,0,0.040775
7365,4,1260679,549021,16.0,gt,0,9.10418200000001
7365,7,3033413,3033382,12.0,le,0,3.7456580000000006
7365,13,32453,6531,28.0,gt,0,0.30511000000000005
7389,6,3033413,3033382,40.893136407262574,le,0,3.9232300000000033
7389,10,371632,36839,44.0,gt,0,2.940098
7429,5,2023308,43781,32.0,gt,0,3.5589360000000063
7447,5,10,10,62.893136407262574,le,0,0.016079999999999997
7459,11,12097,0,12.0,gt,0,0.111877
7459,15,2429,2429,8.0,le,0,0.2707260000000006
7466,10,1260679,1260679,46.893136407262574,le,0,2.241907999999999
7466,18,32453,32453,28.0,gt,0,0.25636699999999996
7510,20,11795244,3964106,22.125,in,0,85.46047800000021
7542,8,1668164,998869,56.0,gt,0,6.876747000000003
7546,5,1260710,4225,74.89313640726257,gt,0,4.850681
7560,13,3850116,386333,32.0,gt,0,5.062764000000034
7563,15,74334,72984,60.792879617133615,between,1,0.3005689999999999
7563,21,11215,11215,34.893136407262574,between,1,0.7030429999999999
7563,23,549021,112192,12.0,ge,0,0.7201890000000011
761,3,11213,8410,58.893136407262574,gt,0,0.10310199999999999
7651,5,10,10,38.893136407262574,ge,0,0.010068
7651,17,5,5,48.125,le,0,0.009517999999999999
7660,4,1260710,1260679,74.89313640726257,le,0,1.7986840000000004
7660,13,371632,371632,36.0,gt,0,3.1333119999999974
7694,9,37641164,10819793,82.54287961713362,le,0,133.66053300000053
7694,17,1260709,194389,56.0,gt,0,9.193048
7694,21,11739825,11739227,24.125,ge,0,16.55929600000013
7698,22,73264,73264,34.893136407262574,le,0,0.2748560000000001
7698,24,1260710,73264,42.893136407262574,ge,0,1.9341539999999997
7762,14,11215,11215,74.89313640726257,le,0,0.06726800000000001
7824,3,10,10,42.893136407262574,gt,0,0.025778000000000002
7824,12,10,10,58.893136407262574,le,0,0.022522
7827,14,1260679,549021,42.893136407262574,gt,0,1.5819800000000026
7827,17,3033413,3033382,38.893136407262574,le,0,3.7624609999999965
7830,7,1260710,9345,48.0,gt,0,2.877785000000001
7836,3,117805,35849,86.89313640726257,gt,0,0.715748
7861,18,3850116,3685416,12.125,is_not_null,0,27.863327999999967
7873,7,30059,30059,45.018136407262574,le,0,0.08321499999999997
7873,14,371631,36838,58.893136407262574,gt,0,0.5933969999999998
7877,7,1260710,549021,66.89313640726257,gt,0,1.8290910000000016
7894,7,1260710,4529,56.0,gt,0,6.233920999999994
7925,13,1668164,120507,52.125,is_not_null,0,8.609749
8077,1,,0,48.0,gt,0,8.999999999999999e-05
8079,10,1260710,549021,42.893136407262574,gt,0,7.651165999999996
8084,2,1260710,549022,86.89313640726257,gt,1,5.333858999999998
8107,6,1311112958,591072876,26.125,le,0,2812.082459999872
8107,14,1248,1248,79.86666666666667,ge,0,0.025969
8107,17,1260710,1279,60.893136407262574,gt,0,1.8828740000000002
8124,3,10275,8411,70.89313640726257,gt,0,0.078589
8124,21,11215,11215,38.893136407262574,le,0,0.019277000000000002
8145,5,11220,1129,52.0,ge,0,0.062387
8205,11,11356206,4709254,58.542879617133615,le,0,32.78998700000004
8205,16,80754,80753,51.018136407262574,ge,0,0.21766799999999992
8205,18,1260710,80754,42.893136407262574,gt,0,2.061338
8209,4,1260710,1260679,70.89313640726257,le,0,1.8487909999999994
8209,12,371632,36839,36.0,gt,0,0.5477470000000001
8239,4,1061807,0,76.0,gt,0,17.134396999999996
8261,10,632948,632948,44.893136407262574,le,0,1.0809420000000003
8288,5,3033413,3033382,40.893136407262574,le,0,3.9214019999999974
8288,13,10,10,8.0,le,0,0.008346
8310,3,1260710,112375,106.89313640726257,gt;ge,1,18.402494999999984
8342,6,1260711,371632,76.0,gt,0,8.317534999999998
8345,12,371632,371632,44.0,gt,0,2.33581
8377,25,2346038465,2346038434,26.125,le,0,4214.136095999062
84,10,93679,54439,40.0,gt;ge;le;ne,1,1.088801
8459,14,1260710,0,46.893136407262574,gt,0,2.2315439999999978
8487,16,11215,11215,30.893136407262574,le,0,0.5289450000000006
8617,9,349210,0,68.54287961713362,le,0,0.5513229999999999
8617,13,10,10,54.893136407262574,ge,0,0.0069630000000000004
8617,17,1260710,371631,62.893136407262574,gt,0,1.8339629999999987
8625,8,1260710,371631,68.0,gt,0,3.777877999999998
8626,11,1260710,36838,74.89313640726257,gt,0,2.3421889999999967
8635,10,23892,0,134.7215828300557,le,0,0.27686199999999994
8635,20,2345278636,2345278038,20.0,ge,0,4223.034393999461
8651,14,,0,46.893136407262574,le,0,0.00011
8651,19,1260710,0,46.893136407262574,eq;gt,0,8.531062999999984
871,7,371632,371632,36.0,gt,0,0.43787399999999993
871,11,1260710,85997,66.89313640726257,gt,0,2.093633999999999
8748,3,50,19,100.79287961713362,gt,0,0.009498
8761,3,1260710,39535,106.89313640726257,gt,0,42.066467999999965
8878,4,1260710,1260679,50.893136407262574,le,0,1.524970000000002
8878,10,371632,371632,28.0,gt,0,2.2182750000000007
8888,7,3850116,2788055,80.54287961713362,eq;gt,0,45.42366799999984
8888,21,11215,11215,8.0,le,0,0.368041000000001
8901,13,20,20,58.893136407262574,le,0,0.019337
8936,10,1260710,549021,50.893136407262574,gt,0,1.6266010000000002
8942,7,11215,11215,82.89313640726257,le,0,0.05730000000000001
9025,6,10,10,52.125,between,1,0.005871
9025,17,16904139,7348970,40.25,le,0,59.72473300000006
9066,2,121708,66505,188.41787961713362,gt,0,0.6705530000000002
9066,14,231254,231254,30.893136407262574,le,0,0.6951479999999998
9100,22,10,10,42.893136407262574,le,0,0.013936
9110,7,1260710,36838,44.0,gt,0,2.2451829999999973
9137,4,1260679,1260679,46.893136407262574,le,0,2.2958339999999993
9137,13,371632,371632,44.0,gt,0,3.327657000000001
9142,8,3033413,3033382,14.0,le,0,3.754533999999997
9142,12,32453,4226,44.0,gt,0,0.07414
9149,7,1260710,571322,82.89313640726257,gt,1,24.06547700000003
9151,7,11215,10997,56.0,gt,1,0.072985
9151,21,1880,606,41.215587044534416,gt,0,0.009507
9175,9,1076537,61862,64.0,gt,0,5.328670000000004
9178,8,9927,0,80.66787961713362,ge,0,0.038842
919,3,2504,2503,83.01813640726257,gt,1,0.27230800000000005
919,5,32497,32497,46.893136407262574,le,0,0.07171300000000001
919,15,371632,26347,36.0,gt,0,2.468537999999999
919,19,10,10,16.0,le,0,0.006863
9196,8,3033413,3033382,40.893136407262574,le,0,3.9993779999999988
9196,19,145542,2530,36.25,gt,0,0.35985900000000004
925,3,371632,0,12.0,gt,0,0.4679059999999996
925,8,1221418,1221418,58.893136407262574,le,0,2.447936
925,14,11214,10942,36.0,gt,1,0.05905
925,19,11215,11215,4.0,le,0,0.29577000000000025
928,11,1260679,1260679,28.0,gt;is_not_null,2,4.004188999999997
928,14,3033413,3033382,10.0,le,0,3.6701950000000094
9318,7,1260710,62575,82.89313640726257,gt,0,6.179460000000004
9319,11,1976,1936,57.215587044534416,gt,0,0.015700000000000002
9329,13,11211,11211,34.893136407262574,between,1,0.6938290000000004
9329,16,17659,17659,12.0,is_not_null,0,0.033254000000000006
9329,26,1001166,1001166,56.792879617133615,between,1,5.061137000000003
9329,32,11211,11211,8.0,between,1,0.5574599999999991
9329,35,17659,17659,12.0,is_not_null,0,0.035257
9388,14,4574495,4574464,57.143136407262574,le,0,6.217787000000007
9402,14,1288855,1288824,18.25,le,0,1.6301329999999998
9412,7,1260679,549021,66.89313640726257,gt,0,1.903153999999999
9412,10,3033413,3033382,40.893136407262574,le,0,3.9469579999999977
954,5,4225,4225,62.893136407262574,gt,0,0.007814
954,25,32452,4225,54.893136407262574,gt,0,0.047358
9540,10,236834,230129,111.4360160243962,gt,0,1.0347989999999991
9574,7,1260710,371631,72.0,gt,0,5.069983000000001
9575,13,11215,11215,24.0,le,0,0.7100330000000005
9611,8,182657208,92634881,72.54287961713362,le,0,460.96887200000583
9611,18,1260709,371630,44.0,gt,0,2.3163629999999973
9611,22,2346038465,2346037867,26.25,ge,0,4163.730190998741
9615,4,1839741,253072,99.30191752664076,gt,0,2.9746579999999994
9615,27,1260710,1260679,54.893136407262574,le,0,1.5062919999999997
9648,9,104448,0,58.893136407262574,gt,0,0.24423899999999987
967,3,1260679,0,46.893136407262574,gt,0,8.532032999999988
967,7,1288855,1288824,37.018136407262574,le,0,1.6894960000000012
967,13,145542,37310,88.54287961713362,gt;eq,1,18.247694000000006
9744,7,1260710,371631,80.89313640726257,gt,0,4.0475400000000015
9745,11,11215,11215,4.0,le,0,0.28416399999999964
9745,23,17129,17129,12.125,between,1,0.09616799999999996
9745,26,11215,11215,4.0,le,0,0.295561
9745,29,11215,11215,8.0,le,0,0.5008880000000007
9769,7,1260710,83364,64.0,gt,0,5.487932
981,3,7529,1506,58.893136407262574,gt,0,0.041437
981,20,7875,7875,30.893136407262574,le,0,0.04144099999999999
981,22,11215,7875,85.82218075528868,is_not_null,1,4.271554999999999
9829,8,1260710,36838,74.89313640726257,gt,0,2.113302999999999
9834,5,3850116,1935,80.54287961713362,eq;gt;between,2,14.331046999999868
9841,21,4574495,4574464,45.018136407262574,le,0,6.19849100000001
987,11,145542,37260,76.54287961713362,gt,0,0.23393700000000003
987,20,371631,36838,42.893136407262574,gt,0,0.48530799999999996
9877,7,11215,11215,50.893136407262574,le,0,0.04257800000000001
9903,14,3850116,3685416,14.125,is_not_null,0,35.329811
9933,4,371632,62576,24.0,gt,0,2.8773860000000018
9933,12,549021,549021,52.893136407262574,le,0,1.271262
9933,16,1260710,549021,66.89313640726257,gt,0,9.649741999999993
9943,9,1260710,9122,82.89313640726257,gt,1,6.683153000000003
9972,14,1943967626,1943967626,55.018136407262574,le,0,3409.810671998747
9998,13,11215,11215,4.0,le,0,0.3392319999999997
