query,node_id,input_rows,output_rows,row_size_in,sort_keys_count,elapsed_ms
10006,21,3685416,3685416,142.50497851252572,3,24638.460471
10011,20,1023784,1023784,191.4360160243962,2,2061.17498
10017,17,5,5,106.0,1,0.151723
10021,19,1260710,100,124.82646974059591,2,2.387289
10025,23,1260710,100,189.20997592626378,1,1.483814
10033,29,410722,100,176.3471433774422,2,2.679494
10036,29,1260710,1260710,40.0,1,701.335994
10043,27,4574495,4574495,182.0259852616867,2,45868.142454
10053,14,106976,106976,83.01813640726257,2,52.936607
10053,9,1260710,10,66.89313640726257,1,1.256349
10056,36,10085680,10085680,153.53627281452515,2,1502055.492179
10061,19,7,7,85.75,1,0.074359
10064,28,0,0,131.4360160243962,1,1e-06
10066,17,8,8,74.0,1,0.036938
10075,12,5,5,79.75,1,0.025348
10092,19,3685416,3685416,215.4360160243962,2,30369.128333
10094,19,1024305,1024305,178.32915243165877,2,3963.927554
10096,16,1260710,100,102.89313640726257,2,4.107189
10099,12,7,7,79.75,1,0.053981
10101,18,1589663,1589663,186.20415243165877,1,2205.313912
10107,26,2461412,100,69.16495217286959,1,419.73187
10108,30,3685416,100,180.57915243165877,1,51.762172
10111,22,1668164,100,71.16495217286959,2,3.711143
10115,23,1023784,100,131.6860160243962,2,3.988048
10119,7,7,7,79.75,1,0.02695
10129,16,1260710,100,95.78627281452515,1,3.356248
10130,7,7,7,93.75,1,0.020899
10137,13,371631,371631,99.01813640726257,1,44.737559
10140,33,3850116,100,144.0,2,7.237416
10149,14,7,7,85.75,1,0.071142
10150,18,1589663,1589663,136.2221433774422,1,1319.289907
10177,14,4654762,100,109.16930606766134,1,56.501321
10179,20,1260710,100,112.03627281452515,2,2.514074
10181,19,3850116,100,149.54554603030144,2,5.626322
10183,22,3685416,3685416,165.06334777232277,2,16883.894585
10185,17,7,7,113.75,1,0.026801
10187,19,4,4,75.875,1,0.052197
10191,28,3850116,3850116,86.91112735304598,2,6336.976665
10202,24,8,8,77.75,1,0.031629
10207,7,1260710,100,122.89313640726257,1,1.301238
10214,23,1668164,100,146.2221433774422,1,5.149609
10215,18,1589663,100,148.2221433774422,1,172.383051
10218,22,76,76,75.01813640726257,2,0.175478
10218,6,1260710,10,54.893136407262574,1,1.104293
10220,7,7,7,119.75,1,0.021791
10221,9,1260710,1260710,85.14313640726257,1,1902.670525
10227,15,1260710,10,86.89313640726257,1,1.105541
10231,15,1260710,100,127.01813640726257,2,3.658188
10239,14,597016,597016,44.25,2,9016.561211
10246,23,2181952,100,80.0,2,5.328706
10252,15,7,7,65.875,1,0.058158
10256,27,0,0,104.91787961713362,2,0.00051
10258,27,2181952,100,84.0,3,4.927128
10261,11,7,7,129.75,1,0.054362
10269,12,1260710,100,40.125,3,3.222375
10276,20,3850116,100,125.4360160243962,2,7.408937
10283,13,1260710,1260710,80.0,1,122.637067
10285,23,5,5,89.875,1,0.037661
10288,19,9907,9907,123.5610160243962,1,2.433507
10297,16,1260710,100,115.97811233352635,1,2.201202
10303,16,1260710,1260710,79.01813640726257,1,550.753254
10304,18,7,7,113.75,1,0.024797
10310,17,3850116,100,164.6314116744664,1,47.914888
10313,16,3850116,100,99.7695628577903,2,7.859554
10325,18,1260710,100,186.67940922178772,1,1.536582
10334,17,7,7,81.875,1,0.039954
10347,12,7,7,67.875,1,0.046738
10348,20,1260710,1260710,204.89313640726257,1,2099.247935
10350,18,2392469,2392469,194.43749468114316,1,3489.468137
10351,18,1668164,100,143.50976834770282,1,2.421423
10356,12,8,8,167.75,1,0.040396
10359,32,0,0,244.77177525866344,1,1e-06
10360,27,0,0,178.57915243165877,1,1e-06
10364,24,410722,100,159.5610160243962,2,2.701535
10370,23,3685416,100,143.4360160243962,2,11.074837
10371,7,1260710,100,136.71539111335454,1,1.824237
10377,12,1260710,100,89.78627281452515,2,2.386578
10378,19,0,0,139.21075923426724,2,1e-06
10380,12,5,5,105.75,1,0.032802
10384,22,7,7,116.37590529739883,1,0.078827
10395,16,1260710,1260710,63.018136407262574,3,808.357316
10398,24,1260710,100,108.75142645052773,1,2.424174
10399,18,11249703,11249703,190.74875714682543,2,185247.446336
10403,15,9907,9907,152.7259681972658,1,2.3445
10406,22,73786472,73786472,218.5124857649921,1,35692.003816
10410,18,3850116,1000,151.84954174673805,1,146.78025
10414,18,0,0,143.3110160243962,1,1e-06
10415,7,1260710,1260710,144.71539111335457,1,588.740193
10417,11,1260710,100,103.01813640726257,2,2.510573
10428,13,7,7,101.75,1,0.040706
10433,17,7,7,81.875,1,0.046927
10434,10,7,7,81.75,1,0.066444
10437,24,0,0,139.5610160243962,1,0.001513
10438,11,7,7,87.75,1,0.033352
10440,27,0,0,167.5610160243962,1,0.000561
10441,25,7,7,68.89313640726257,1,0.021681
10443,6,1260710,100,56.0,2,2.226876
10447,21,3850116,100,142.32915243165877,1,49.045011
10450,30,73786472,73786472,171.66127281452515,3,1654601.027743
10467,18,261413,261413,183.8110160243962,1,55.908923
10470,15,8,8,81.75,1,0.023844
10481,16,3850116,100,87.45997592626378,1,40.182399
10490,28,0,0,202.9970320487924,1,0.000762
10491,23,3850116,3850116,81.875,2,2622.195321
10496,17,1260710,10,157.5725456290503,1,1.170754
10497,11,1260710,1260710,198.89313640726257,1,771.484883
10501,16,1260710,1260710,179.01813640726257,1,279.122095
10519,19,10059,10059,145.4992849566091,2,2.715105
10528,17,261413,261413,103.81192132179503,1,47.48478
10529,22,1023784,1023784,313.43601602439617,1,1135.250472
10530,18,3850116,100,160.16787961713362,1,47.153485
10533,24,331744,331744,134.0,2,4886.676637
10535,12,5,5,77.75,1,0.036498
10540,19,1260710,1260710,124.125,1,351.959219
10550,23,3850116,100,111.70783179000321,1,53.556757
10552,21,233755,233755,164.0650857924103,2,136.975079
10553,14,7,7,16.0,1,0.050685
1056,26,266507,10,187.01813640726257,1,0.422899
10563,11,3850116,100,91.97811233352635,1,48.870069
10564,14,1023784,100,152.30775781087743,2,4.476071
10568,18,1668164,100,142.32915243165877,1,4.543952
10569,19,1260710,100,145.71960614785849,2,1.961834
10572,12,1260710,1260710,119.01813640726257,2,1039.686044
10574,21,3850116,100,162.6314116744664,2,18.445788
10579,14,10085680,10085680,95.01813640726257,2,1489013.034707
10583,16,1260710,100,180.0,1,4.797281
10584,16,35,35,112.64313640726257,1,0.063659
10584,6,1260710,5,34.893136407262574,1,0.849181
10587,14,7,7,112.96558704453442,1,0.018846
10589,39,7827994,7827994,182.7564116744664,2,112352.124041
10592,12,7,7,67.875,1,0.036469
10597,20,1668164,100,128.2221433774422,1,149.741113
10600,13,1260710,10,83.7695628577903,1,1.009021
10602,13,1260710,100,113.14313640726257,1,2.920965
10604,12,6046,6046,99.875,1,0.214812
10605,28,5,5,61.875,1,0.017954
10606,14,1668164,10,1181.4521820900982,1,3.611053
10607,32,7,7,148.76813640726257,1,0.061244
10610,23,1023784,100,195.5610160243962,2,5.739142
10612,21,7652460,7652460,185.9360160243962,2,93375.018494
10616,12,371631,371631,55.268136407262574,1,145.583644
10618,18,1589663,100,149.09728883892134,1,4.644553
10640,22,7,7,113.75,1,0.025918
10643,20,9907,100,48.0,2,0.339395
10644,22,309964,309964,98.125,2,414.241863
10645,17,32452,100,87.26813640726257,2,0.527607
10646,9,1260710,1260710,60.0,1,152.617328
10652,22,3685416,3685416,227.49434935772953,3,11459.581721
10653,18,440693,100,132.98715024303348,1,6.406016
10661,11,1260710,1260710,83.26813640726257,2,157.696304
10663,30,282,282,271.4105577711342,1,0.130454
10665,24,4574495,4574495,216.6009681972658,2,26933.85899
10667,18,409811,409811,149.01813640726257,1,203.038751
10668,10,7,7,83.75,1,0.1656
10675,13,261413,100,147.8110160243962,1,4.000001
10676,35,1023784,100,239.5610160243962,2,3.917495
10679,18,1260710,100,115.48310564455309,1,2.167127
10685,17,3685416,100,159.1860160243962,1,46.299454
10687,33,135003,135003,147.5610160243962,1,20.54346
10687,10,371631,10,78.89313640726257,1,0.553461
10693,17,3685416,100,135.4360160243962,1,51.695189
10694,7,7,7,85.75,1,0.02081
10702,27,233755,100,87.03612735304598,2,1.102957
10706,26,261413,100,188.65160306893063,1,28.87757
10707,27,3685416,100,295.5355577711342,1,42.971223
10710,16,1260710,100,94.41352572234187,1,1.956065
10715,12,7,7,81.75,1,0.040886
10717,18,1061807,1061807,1138.8845592630935,1,500.479112
10724,15,1260710,1260710,104.03627281452515,2,643.057856
10728,27,1023784,100,226.32915243165877,1,17.374964
10734,24,1260710,1260710,113.78627281452515,2,390.473663
10737,14,7,7,47.875,1,0.026569
10743,21,7,7,85.75,1,0.073517
10747,17,3685416,3685416,137.20400697017962,2,3803.358896
10748,17,1260710,100,122.67940922178772,1,3.249622
10756,20,0,0,110.0,1,1e-06
10760,12,1260710,100,71.14313640726257,2,2.360535
10766,19,1260710,1260710,114.89313640726257,2,752.425398
10781,19,1260710,1260710,101.48310564455309,2,459.395675
10785,18,371631,371631,101.55666212960445,2,96.207339
10786,26,312255,312255,244.81539815447528,1,65.86253
10788,12,1260710,1260710,91.01813640726257,1,542.259853
10791,12,1260710,100,160.89313640726257,2,3.101133
10792,21,3685416,3685416,159.1860160243962,1,5100.574506
10796,16,1260710,100,98.03627281452515,2,3.287063
10798,17,7,7,68.0,1,0.075351
10799,32,145542,100,126.07182210059793,1,0.668471
1080,45,0,0,138.89313640726257,2,1e-06
10806,34,145542,100,164.13844517419378,1,2.460697
10814,12,1260710,100,161.01813640726257,2,2.9539
10819,22,532328,532328,194.65160306893063,2,230.321043
10823,6,1260710,10,51.018136407262574,1,1.366087
10830,20,2306311,2306311,120.76813640726257,2,1252.957416
10842,28,1260710,1260710,229.78225065732676,1,210.953963
10847,16,9907,100,143.3110160243962,1,0.653241
10849,18,1260710,10,89.14313640726257,1,1.029633
10861,18,265255,265255,168.7259681972658,2,120.654656
10867,21,3685416,3685416,193.9009852616867,2,5321.174864
10872,11,7,7,22.25,1,0.025087
10875,9,1260710,1260710,75.14313640726257,1,297.268858
10879,17,2107966,2107966,135.53627281452515,2,66919.296762
10886,13,1260710,10,97.78627281452515,1,1.598494
10888,11,7,7,85.75,1,0.02701
10893,19,145542,145542,169.75363885140086,2,42.122436
10894,17,1260710,100,124.67940922178772,1,2.009921
10903,16,1260710,100,224.0,1,1.574856
10908,9,1260710,1260710,82.89313640726257,2,456.879084
10909,18,7,7,83.75,1,0.031781
10916,33,13,13,166.03627281452515,2,0.086752
10916,11,3685416,10,75.01813640726257,1,2.28064
10924,12,1260710,100,72.89313640726257,1,2.720379
10928,25,980,980,219.40293948119182,1,11.804365
10928,13,1045736,10,65.78627281452515,1,1.724536
10934,19,1023784,1023784,143.4360160243962,2,669.485165
10936,18,317145,317145,1231.802438880227,1,551.119028
10945,16,84994,84994,61.570395650070196,2,33.271722
10946,17,3685416,100,178.0028555433974,1,6.504476
10948,18,261413,100,119.4360160243962,1,29.331587
10950,18,1260710,100,93.91127281452515,2,4.718497
10952,25,440693,100,219.02177525866344,2,4.302792
10955,17,3850116,100,167.72454174673805,2,8.920522
10960,16,1023784,1023784,135.5610160243962,2,604.826519
10961,23,261413,261413,115.6860160243962,1,115.835019
10962,16,1260710,100,103.78627281452515,2,3.50418
10969,26,1023784,1023784,98.91112735304598,2,1233.350603
10972,20,3850116,100,194.9564053394755,2,7.185591
10973,22,1023784,100,149.4360160243962,2,2.925386
10974,23,1023784,100,175.5610160243962,2,2.852179
10975,15,3850116,3850116,64.0,1,7288.023725
10981,16,1260710,10,75.01813640726257,1,1.262189
10982,19,0,0,155.4360160243962,1,1e-06
10988,27,3685416,3685416,137.08497592626378,3,6842.361758
10989,13,10085680,10085680,200.76813640726257,2,2174989.218634
10993,16,1260710,100,48.0,2,4.113581
10994,10,1320414,1320414,127.78627281452515,2,308.805326
10995,12,5,5,77.75,2,0.040606
11002,17,7,7,301.1460253027484,1,0.055414
11004,14,3850116,100,104.66787961713362,1,54.051231
11005,9,1260710,100,70.89313640726257,1,1.75166
11006,15,5806,5806,31.570395650070196,1,0.210754
11008,13,7,7,79.75,1,0.057548
11009,12,1260710,1260710,67.01813640726257,2,436.083172
11010,18,265255,100,67.14313640726257,1,4.121649
11011,19,449512,449512,146.35298689701818,1,131.533597
11012,18,261413,100,136.43744247492393,1,4.820486
11014,12,7,7,75.75,1,0.033242
11022,18,440553,440553,115.4360160243962,2,163.028053
11024,13,1260710,1260710,80.0,1,101.80902
11026,20,3850116,100,134.0,1,54.18043
11029,19,73951172,100,165.61910460452836,2,735.439746
11032,12,1260710,1260710,168.89313640726257,2,1653.624945
11034,12,7,7,69.875,1,0.058258
11035,12,261413,100,127.3110160243962,1,4.394216
11037,17,3685416,100,160.0971433774422,1,50.781868
11039,7,7,7,81.75,1,0.035075
11045,15,4,4,103.75,1,0.031429
11053,25,0,0,166.32915243165877,1,0.001593
11055,20,5228680,5228680,132.64313640726257,2,5219.165741
11058,13,7,7,99.75,1,0.027771
11059,17,7,7,89.875,1,3.396075
11065,12,371631,371631,91.01813640726257,1,340.851109
11068,26,0,0,235.1220320487924,2,0.001403
11070,18,261413,100,206.20415243165877,1,3.910278
11073,22,4,4,82.125,1,0.025357
11074,21,1023784,1023784,159.6860160243962,2,895.514862
11075,19,1260710,1260710,115.01813640726257,2,386.936809
11077,9,5,5,85.75,1,0.017612
11079,38,4574495,4574495,127.14313640726257,1,6522.179835
11080,17,2521420,2521420,165.01813640726257,2,8056.989676
11087,7,7,7,81.75,1,0.036688
11090,27,1589663,1589663,200.8509681972658,2,3410.086611
11092,15,7,7,75.875,1,0.038873
11096,21,3685416,3685416,95.80426376030856,2,5181.718164
1110,17,199012,10,141.01813640726257,2,0.744981
11103,21,143650,143650,141.29287961713362,2,68.020825
11104,27,261413,100,252.10389564152982,1,2.090885
11105,18,1668164,1668164,136.2221433774422,1,1173.158835
11113,14,1260710,100,78.89313640726257,2,2.310641
11115,16,4574495,4574495,116.10311233352635,2,6631.764988
11125,11,3729280,3729280,50.63403790950714,1,2874.533095
11131,24,3850116,100,132.0,1,410.755141
11134,16,20,20,73.78627281452515,2,0.042338
11134,6,1260710,10,30.893136407262574,1,1.606898
11134,12,3685416,10,42.893136407262574,1,248.423305
11135,11,371631,10,71.14313640726257,1,0.592966
11138,21,3850116,3850116,81.875,2,7867.996791
11148,18,0,0,143.5610160243962,2,1e-06
11150,21,3685416,3685416,131.8945628577903,2,6267.768167
11153,19,1260710,100,88.58853205733277,2,3.233896
11154,38,3850116,3850116,139.5610160243962,2,25330.740684
11158,27,274541,100,212.20415243165877,2,2.784555
1116,38,63457,100,76.66787961713362,2,1.597665
11165,16,1260710,1260710,96.89313640726257,2,1159.667212
11166,25,1023784,1023784,159.5610160243962,2,1251.482202
11167,29,1189916,1189916,184.75980307392925,1,423.293355
11181,16,1260710,1260710,110.89313640726257,1,442.454088
11182,16,2973048,2973048,120.64313640726257,2,129068.932873
11186,7,7,7,81.75,1,0.03792
11187,25,8,8,104.0,1,0.072997
11190,13,3845457,100,50.876426450527724,2,13.195775
11196,18,1668164,100,172.8381903411659,1,7.105215
11198,12,1260710,1260710,87.01813640726257,1,149.674992
11207,21,1260702,100,80.0,1,1.333126
11212,7,1260710,1260710,142.89313640726257,1,492.778128
11215,17,7,7,77.875,1,0.072065
11220,18,1260710,100,115.01813640726257,2,4.738552
11221,12,1260710,1260710,122.89313640726257,2,1299.008091
11224,34,1023784,100,211.4360160243962,2,4.187862
11225,23,167797,167797,145.4360160243962,2,75.355692
11226,23,0,0,151.6860160243962,2,0.000921
11227,18,3845457,3845457,132.2221433774422,1,3962.152689
11229,11,7,7,79.75,1,0.018024
11231,12,1260710,1260710,158.89313640726257,2,223.529713
11239,7,7,7,77.75,1,0.057187
11240,16,1260710,10,75.01813640726257,1,1.14641
11243,25,64019,64019,174.32915243165877,2,18.893104
11245,21,1260710,50,95.01813640726257,2,2.850441
11247,19,261413,261413,142.20415243165877,1,95.546949
11252,12,193966,193966,182.43744247492393,1,33.135403
11253,18,143650,143650,123.4360160243962,1,43.200433
11255,17,3850116,100,142.32915243165877,1,56.634442
11256,10,1260710,10,62.893136407262574,1,1.888855
11259,19,36838,36838,93.78627281452515,1,10.260339
11264,11,7,7,87.75,1,0.030818
11266,7,7,7,99.875,1,0.028744
11267,25,261413,100,114.03525917177211,1,3.90735
11268,13,3685416,100,144.91787961713362,2,15.649392
11269,18,1589663,100,108.22214337744217,1,175.6925
11272,18,9927,100,119.4360160243962,1,1.423051
11274,18,1668164,100,162.22199871900082,1,43.870498
11276,35,73786472,73786472,208.66269926505288,2,1792674.698788
11280,21,7,7,111.875,1,0.031118
11282,25,1668164,100,71.16495217286959,2,7.023831
11284,12,1260710,1260710,79.14313640726257,1,402.97332
11285,20,1589663,100,147.3110160243962,1,16.311914
11296,26,1260710,1260710,109.60810564455309,1,402.23517
11310,24,1023784,1023784,116.37590529739883,1,784.751065
11314,28,5,5,215.25,1,0.017683
11315,11,7,7,183.75,1,0.030046
11319,20,1429699,1429699,119.90351432286293,2,1439.244621
11322,11,15868,15868,83.02628940046935,1,2.132834
11322,6,1260710,10,67.01813640726257,1,2.056681
11325,18,3234375,100,1177.1882624760156,1,47.077933
11335,15,1260710,100,95.14313640726257,1,2.15316
11336,15,7320152,7320152,147.53627281452515,2,999714.250474
11342,17,135038,135038,65.78627281452515,2,38.741966
11342,6,1260710,10,30.893136407262574,1,1.115437
11346,19,1260710,10,123.91127281452515,1,5.423321
11349,18,3850116,100,123.5610160243962,1,47.814514
11353,11,1260710,1260710,71.26813640726257,1,710.723087
11357,24,143825,100,123.8945628577903,2,1.737205
11358,12,3850116,100,147.24624874078893,1,5.73005
11363,53,1023784,1023784,84.0,2,377.495223
11364,17,70,70,121.96353205733277,1,0.116778
11364,7,1126006,10,44.21353205733277,1,0.82321
11383,18,1061807,1061807,123.3110160243962,1,210.655485
11384,17,3685416,3685416,127.26813640726257,2,5644.706093
11388,15,5189,5189,80.0,1,0.180206
11392,18,261413,261413,126.04138126573928,1,50.343396
11393,22,1260710,1260710,79.14313640726257,2,604.843645
11395,18,265255,100,104.22811233352635,1,1.555807
11412,9,1260710,1260710,56.125,1,2226.999616
11425,17,34,34,158.2365789951944,2,0.088315
11434,18,10559,100,83.78627281452515,1,0.60518
11435,27,2181952,2181952,112.35652300311618,2,1715.233743
11444,16,4,4,48.0,1,0.019617
11449,20,309964,309964,139.3110160243962,2,140.181449
11466,31,451473,451473,129.8328317900032,1,297.073565
11468,16,1260710,100,94.41352572234187,2,3.490533
11471,15,4605389,4605389,77.14313640726257,1,8036.457152
11471,5,3685416,10,12.125,2,4.782896
11476,27,0,0,153.04293182335286,2,1e-06
11477,28,2181952,2181952,99.5703956500702,2,1571.988048
11485,5,403475,10,38.63403790950714,1,0.543773
11487,19,1024305,1024305,170.32915243165877,1,860.407842
11488,22,217,217,112.875,1,0.051205
11498,25,3850116,100,156.66787961713362,2,7.259382
11504,20,1668164,100,129.7078317900032,1,5.933749
11507,18,1589663,100,138.20415243165877,1,6.112622
11508,22,1024016,1024016,123.3110160243962,2,484.246292
11510,18,98,98,143.61666666666667,2,0.101469
11516,19,265255,100,152.8814116744664,1,4.355756
11520,19,309964,309964,103.14313640726257,1,53.460275
11524,17,1976,1976,123.97462495404156,1,0.161512
11527,19,440693,100,109.4360160243962,1,6.010548
11532,21,3685416,100,159.8110160243962,2,21.748515
11543,17,16904139,100,121.49434935772953,3,255.391128
11545,18,265255,265255,176.22889564152982,1,63.442401
11550,18,7,7,53.875,1,0.0328
11551,16,3850116,100,131.84954174673805,2,10.56455
11561,33,1589663,100,92.89313640726257,1,6.289922
11563,18,265221,265221,127.4360160243962,1,149.640489
11564,19,145542,145542,190.32915243165877,1,28.954167
11566,32,265255,265255,236.79287961713362,1,130.381625
11571,21,1260710,1260710,65.16495217286959,1,120.207183
11576,11,0,0,59.340587044534416,1,0.001162
11583,25,2479680,2479680,136.125,2,137774.545425
11591,23,1260710,1260710,175.8110160243962,2,1021.285969
11593,25,280964,280964,164.56244247492393,2,1725.373711
11602,6,1260710,1260710,102.89313640726257,2,534.191807
11605,19,690658,100,169.22228883892134,2,2.524865
11608,15,265255,100,207.5610160243962,1,3.962976
11610,23,6092,6092,60.125,1,1.210642
11613,15,3850116,100,92.41787961713362,3,17.954814
11614,10,350077,10,97.66127281452515,1,0.719639
11621,21,8824970,8824970,160.89313640726257,2,13440.815368
11623,17,3685416,3685416,89.01813640726257,1,1242.606903
11630,21,1589663,100,150.32915243165877,1,43.813886
11632,17,3685416,3685416,176.31192132179504,2,6947.414216
11635,15,1260710,1260710,165.01813640726257,1,437.630043
11636,19,1061807,100,169.5492912916,1,13.792708
11640,34,71795,100,152.3471433774422,2,1.095775
11648,9,1260710,1260710,102.89313640726257,2,419.583054
11656,62,3685416,10,134.71496923729052,2,5.814483
11657,27,265255,265255,132.66787961713362,1,46.848266
11661,23,410722,100,238.10389564152982,3,7.41903
11664,18,8824970,8824970,122.125,2,45737.700007
11666,18,1668164,100,129.3290069701796,1,101.965377
11675,32,119534,119534,106.24992809913337,1,30.331408
11676,11,7,7,93.75,1,0.027681
11678,25,1589663,1589663,147.32967013767487,1,1734.103495
11679,23,1260710,10,175.43166212960443,1,1.60834
11680,26,7,7,136.89313640726257,1,0.06441
11682,13,3685416,100,163.4360160243962,1,51.951305
11687,17,3850116,100,90.25090529739883,2,6.475903
11691,22,143650,143650,109.08497592626378,1,58.259574
11693,14,3850116,100,179.4360160243962,2,8.872668
11695,15,1260710,100,89.91127281452515,1,1.464965
11701,25,7,7,66.25,1,0.06458
11712,17,3685416,100,178.19151895435095,1,51.225279
11714,20,1260710,100,112.0,1,1.125434
11720,24,1023784,100,108.35652300311618,1,68.797176
11724,26,1023784,100,132.54287961713362,2,3.025677
11727,21,3685416,3685416,115.26813640726257,2,7234.131616
11732,19,261379,261379,103.4360160243962,2,122.646889
11736,7,1260710,1260710,160.0,1,143.082583
11737,18,1589663,100,128.2221433774422,1,174.737736
11743,12,7,7,73.875,1,0.036569
11744,14,8,8,89.875,1,0.037651
11756,41,0,0,159.6860160243962,2,1e-06
11760,17,1260710,10,92.0,1,1.838283
11765,18,1589663,100,127.4360160243962,1,2.002425
11769,18,1589663,100,115.3110160243962,2,4.035268
11771,11,1260710,1260710,67.01813640726257,1,216.34189
11782,12,4,4,83.75,1,0.02124
11784,15,265255,265255,136.79287961713362,2,86.186645
11787,27,1023784,1023784,135.8110160243962,2,1039.809099
11794,22,261413,261413,191.50976834770282,1,63.406895
11802,19,3850116,100,143.4360160243962,2,9.665164
11809,28,0,0,84.25,2,1e-06
11815,18,1260710,10,82.89313640726257,2,2.561098
11819,18,143650,143650,156.89599195065995,1,35.791703
11821,6,1260710,100,107.01813640726257,2,3.66599
11836,23,10371,10371,198.51224101179093,1,0.675252
11846,19,3850116,100,125.3290069701796,2,11.502428
11851,14,8,8,91.875,1,0.028503
11871,13,1260710,100,185.14313640726257,1,2.230578
11873,17,3685416,100,164.0971433774422,1,53.975825
11874,38,318229,318229,170.6635257223419,2,180.909927
11883,12,1260710,1260710,83.01813640726257,2,514.555756
11885,11,7,7,87.75,1,0.028313
11889,18,1668164,100,146.32915243165877,1,4.313544
11892,19,261413,261413,173.22228883892134,2,118.066176
11894,17,1668164,100,93.3290069701796,1,28.178028
11905,16,1260710,1260710,127.14313640726257,1,835.877549
11911,7,7,7,77.75,1,0.023705
11928,17,3685416,100,138.20415243165877,1,62.090475
11929,10,7,7,103.75,1,0.036498
11937,22,1023784,1023784,155.6860160243962,2,566.526251
11940,12,1260710,100,166.4135257223419,1,2.08867
11943,18,1668164,100,146.32915243165877,1,4.843949
11948,24,58023,100,147.4360160243962,2,1.131923
11949,19,261413,100,216.3924735700909,1,3.8922
11959,11,184173,10,100.03627281452515,1,0.52983
11961,11,3850116,100,100.22811233352635,2,8.25683
11964,18,1260710,1260710,76.75142645052773,2,299.895201
11968,18,145542,145542,175.84954174673805,2,64.74242
11986,19,1024305,100,173.22228883892134,1,18.283128
11991,21,1260710,50,102.89313640726257,2,2.424495
11993,27,3850116,100,147.5610160243962,1,56.618884
11994,11,7,7,81.75,1,0.018515
12000,15,1260710,100,129.51813640726257,1,3.54575
12006,15,1260710,1260710,228.0,1,1577.31755
12011,20,10085680,10085680,126.0,2,11401.791931
12014,28,167797,167797,81.875,2,54.361766
12020,19,5,5,186.25,1,0.878641
12021,13,3850116,3850116,102.41787961713362,3,8327.218027
12026,24,79947,79947,167.53627281452515,1,15.279886
12038,7,7,7,97.875,1,0.031019
12044,26,1023784,1023784,165.6860160243962,2,980.45388
12064,13,3850116,3850116,135.84954174673805,2,2475.330201
12074,19,143650,143650,146.32915243165877,1,33.66293
12076,18,1260710,100,92.0,1,2.259078
12081,31,3685416,100,147.5610160243962,1,61.49826
12082,18,39944,39944,56.893136407262574,1,10.653251
12084,11,1260710,100,79.14313640726257,1,1.805404
12089,22,371631,371631,117.3203956500702,2,126.2224
12111,17,3685416,100,179.3110160243962,1,54.755125
12115,15,265255,265255,156.66787961713362,2,80.368726
12117,21,5190175,100,202.04636384733598,1,58.569389
12119,19,440693,440693,146.32915243165877,1,435.105075
12128,16,1260710,1260710,91.01813640726257,2,1337.33108
12130,12,1260710,100,74.89313640726257,1,2.47618
12132,32,7,7,69.875,1,0.070943
12134,13,8,8,81.75,1,0.031969
12140,7,7,7,81.75,1,0.029804
12142,24,1023784,100,170.20415243165877,1,20.497814
12145,20,3685416,3685416,198.44505393390335,2,13663.421542
12149,18,1260710,100,98.03627281452515,2,2.528678
12160,28,0,0,214.9970320487924,2,1e-06
12161,23,145542,145542,120.79287961713362,1,339.505043
12167,30,496,496,144.72953878405406,2,0.081603
12170,7,7,7,94.125,1,0.03723
12171,23,0,0,42.0,2,1e-06
12174,19,872772,872772,194.43744247492393,1,580.171468
12178,20,1589663,100,136.2221433774422,1,18.664036
12180,21,9907,9907,139.5610160243962,1,0.462033
12184,16,7,7,121.875,1,0.030147
12196,7,7,7,99.75,1,0.035928
12197,19,3845457,100,142.32915243165877,1,49.469404
12201,17,3685416,100,135.4360160243962,1,51.057166
12205,15,1260710,100,67.01813640726257,3,4.09631
12206,21,7,7,109.875,1,0.039133
12216,17,1260710,100,89.14313640726257,1,1.51544
12218,10,5,5,112.91112735304598,1,0.016512
12220,26,3685416,100,142.62642645052773,1,41.7931
12222,14,7,7,97.75,1,0.044704
12225,28,567,567,110.43653373041228,2,0.087493
12234,11,7,7,97.875,1,0.032109
12245,13,1260710,10,107.91127281452515,1,1.738494
12246,17,2601417,2601417,117.75,1,87784.520295
12248,14,1260710,1260710,83.26813640726257,1,1906.906521
12250,19,1260710,10,110.28627281452515,1,4.262669
12255,14,3850116,100,119.6860160243962,1,48.458416
12257,12,7,7,79.75,1,0.060042
12258,18,1668164,100,132.2221433774422,2,5.429863
12260,11,1260710,1260710,79.14313640726257,1,494.568108
12261,12,261413,100,232.7259681972658,1,3.785583
12266,6,1260710,1260710,58.893136407262574,1,157.154534
12269,18,440693,100,120.91787961713362,2,3.440695
12270,18,3850116,3850116,154.29287961713362,2,2807.08889
12276,19,2107966,2107966,167.78627281452515,2,5334.004186
12280,12,1260710,100,161.01813640726257,1,4.09583
12284,26,1023784,1023784,168.32915243165877,2,789.476509
12285,9,1260710,1260710,63.018136407262574,2,267.919025
12292,26,3845457,100,238.32915243165877,1,52.384037
12298,20,1023784,100,148.66787961713362,2,6.442581
12304,20,1668164,100,126.34714337744218,1,29.935931
12306,22,5,5,82.0,1,0.041818
12311,12,1260710,1260710,146.125,1,1794.859396
12312,23,449512,100,155.5610160243962,1,6.115135
12318,7,7,7,81.75,1,0.031879
12323,23,1023784,100,141.08140533947548,3,3.344708
12330,19,1023784,1023784,139.3110160243962,2,845.119548
12335,20,184173,184173,92.21353205733277,2,29.926065
12339,16,1260710,1260710,52.125,1,381.34351
12343,23,1023784,100,100.0,2,4.248165
12350,27,3850116,100,182.52099195065995,1,390.3459
12358,19,135003,135003,106.89313640726257,2,32.931032
12358,6,1260710,10,28.0,1,1.044042
12360,21,1589663,100,150.32915243165877,1,186.111495
12363,7,3850116,3850116,126.125,2,7727.661842
12366,22,3850116,3850116,124.66787961713362,1,6348.781685
12370,16,9762302,100,197.93594412352954,1,101.477711
12379,28,1023784,1023784,148.54287961713362,2,1089.6595
12381,23,3685416,3685416,167.4360160243962,2,4340.526673
12386,13,1260710,100,185.64494700206023,1,1.953688
12391,16,2601417,2601417,144.76813640726257,2,150443.68746
12393,23,3850116,3850116,169.4564053394755,2,4899.281129
12399,7,7,7,81.75,1,0.028062
12401,17,2601417,2601417,96.0,1,1572.98082
12410,20,261413,100,123.4360160243962,1,28.762264
12411,16,3685416,100,54.375,1,469.469358
12421,18,440693,440693,135.4360160243962,1,154.949085
12435,13,1260710,100,102.03627281452515,2,4.513352
12441,12,7,7,81.75,1,0.053911
12445,21,265255,265255,127.8110160243962,1,90.511703
12451,7,7,7,18.125,1,0.028663
12459,18,1668164,100,110.20415243165877,1,4.687918
12463,17,7,7,89.75,1,0.031739
12464,14,3850116,100,136.79287961713362,2,5.885316
12465,15,8824970,8824970,148.76813640726257,1,1590372.130877
12470,12,1260710,1260710,200.89313640726257,2,5445.947555
12478,22,261413,100,187.6860160243962,1,12.736605
12486,19,690658,690658,230.579204637878,1,279.645491
12489,19,9907,9907,163.4360160243962,1,3.462219
12491,26,233755,233755,91.68510727988456,2,77.573874
12492,6,1260710,10,82.89313640726257,1,1.256739
12503,24,261413,261413,150.32915243165877,1,707.978088
12506,30,1023784,100,140.66787961713362,2,4.592544
12509,30,1023784,100,152.34714337744217,2,5.107058
12515,18,143650,143650,133.3110160243962,1,40.934887
12518,20,0,0,183.5610160243962,1,0.001402
12522,16,24861802,24861802,125.49434935772953,3,106568.373656
12523,20,7,7,115.75,1,0.025538
12524,17,3850116,100,164.0971433774422,1,49.306374
12525,12,1260710,100,165.01813640726257,1,2.384384
12528,24,7,7,164.64313640726257,1,0.328263
12529,18,265255,265255,181.75363885140086,1,75.549484
12540,15,1260710,100,107.01813640726257,1,1.701732
12545,7,7,7,77.75,1,0.027411
12546,12,1260710,1260710,90.89313640726257,1,548.918177
12548,19,1024305,1024305,198.32915243165877,2,1281.583882
12552,23,0,0,184.22889564152982,1,0.000441
12556,16,1260710,10,102.03627281452515,1,3.581302
12560,28,1668164,100,79.28995217286959,2,9.045227
12561,25,1024305,100,196.0195628577903,2,4.553942
12567,24,265255,265255,120.64599195065998,1,64.837348
12575,14,10,10,150.89313640726257,1,0.020649
12575,8,371631,10,67.01813640726257,1,0.564185
12578,18,3680979,100,152.2221433774422,1,406.852345
12583,7,1126006,5,44.21353205733277,1,0.948934
12594,11,1061807,1061807,100.79287961713362,2,492.274214
12595,15,1260710,100,81.14313640726257,2,3.195395
12597,22,1031360,100,245.87863885140086,2,11.73251
12600,19,1260710,1260710,83.01813640726257,2,644.181112
12603,17,1260710,1260710,103.78627281452515,2,657.60387
12606,12,1260710,10,79.01813640726257,1,1.053888
12610,19,3685416,3685416,81.00142645052773,2,3580.676015
12613,18,10035,100,91.7695628577903,1,0.675622
12614,12,1260710,1260710,139.01813640726257,2,252.671956
12617,18,265255,100,103.3110160243962,2,1.534586
12621,16,3850116,3850116,119.45997592626378,1,9636.927159
12623,18,1589663,1589663,111.3110160243962,1,941.157193
12628,19,1589663,1589663,128.2221433774422,1,983.867053
12629,35,301138,10,116.05808858013216,1,0.566121
12634,15,9,9,73.875,1,0.023854
12635,47,63,63,72.75142645052773,1,0.026259
12635,3,253092,10,12.125,1,0.396271
12635,7,253092,10,12.125,1,0.400744
12635,16,253092,10,12.125,1,0.383721
12635,29,253092,10,12.125,1,0.407382
12636,19,9904,9904,91.3110160243962,1,1.416597
12637,23,762920,762920,159.78627281452515,2,14387.699371
12638,15,5,5,91.875,1,0.044043
12639,17,7,7,137.875,1,0.092172
12641,20,2673325,100,139.4360160243962,1,53.021526
12643,16,5,5,46.25,1,0.051807
12646,14,1260710,1260710,91.14313640726257,2,309.717806
12647,16,1023784,100,184.18782661919386,2,4.77563
12653,16,8,8,69.875,1,0.050354
12659,27,3685416,100,135.6860160243962,1,48.426052
12660,22,1023784,1023784,126.22214337744218,2,725.926459
12662,15,1260710,100,207.49850164860567,2,3.604989
12668,23,261413,100,180.6009681972658,1,41.037834
12670,18,1558,100,139.2996587971777,1,0.411529
12677,17,4574495,4574495,230.70415243165877,2,25386.844916
12681,18,1589663,100,142.32915243165877,1,7.510259
12688,23,261413,261413,179.6860160243962,2,231.035886
12690,18,261413,261413,152.7259681972658,1,35.613573
12697,38,7,7,76.25,1,0.064691
12701,25,1668164,1668164,105.3290069701796,1,352.2961
12704,16,1260710,100,75.01813640726257,1,1.855497
12706,18,32452,32452,133.78627281452515,1,5.386301
12712,15,1260710,1260710,165.01813640726257,2,1025.702884
12718,12,7,7,67.875,1,0.050284
12730,21,4574495,4574495,204.36542524618392,2,4622.085226
12732,6,1260710,1260710,71.01813640726257,1,276.056525
12737,21,1023784,1023784,132.79287961713362,2,670.010556
12742,19,1260710,100,87.14313640726257,1,2.687939
12745,28,0,0,131.4360160243962,1,1e-06
12754,12,3685416,3685416,108.22811233352635,2,5416.136341
12755,20,2181952,2181952,88.0,1,1144.873919
12761,13,329473,329473,69.14313640726257,2,82.355552
12768,12,7,7,67.875,1,0.054922
12769,23,1668164,10,79.16495217286959,1,2.050657
12771,7,7,7,81.75,1,0.023944
12773,20,8824970,8824970,64.25,2,1267252.691147
12777,20,261413,261413,119.4360160243962,1,46.071912
12781,25,217,217,99.25,1,0.12275
12783,22,22360,100,178.79533515336232,1,0.502318
12790,27,1589663,100,90.0581407863514,1,4.130106
12794,17,1260710,100,204.0,1,1.27988
1280,34,33150,100,102.89313640726257,2,0.533267
12807,18,145542,100,91.7695628577903,1,2.549491
12810,25,4807538,4807538,238.2237674956683,2,7515.932871
12813,18,1668164,100,144.2221433774422,1,183.776444
12815,15,8,8,87.75,1,0.046847
12818,25,1023784,1023784,120.54287961713362,2,613.695733
12820,17,10085680,100,106.0,2,12.552795
12821,16,1260710,100,108.03627281452515,1,1.927377
12825,9,7,7,77.75,1,0.029355
12831,9,1260710,1260710,150.89313640726257,2,730.495263
12840,15,1260710,100,161.01813640726257,1,8.303132
12850,23,1023784,1023784,180.20415243165877,1,1168.342614
12854,23,3685416,3685416,138.35298689701818,2,12490.198557
12864,15,8824970,8824970,193.75,2,1799865.464932
12869,24,4574495,4574495,157.91127281452515,3,15436.24067
1287,26,92851,92851,126.89313640726257,2,40.913301
12872,12,7,7,65.875,1,0.039754
12875,16,3850116,100,46.375,2,9.064076
12881,19,3850116,100,156.43749468114316,2,12.610296
12890,16,4574495,4574495,212.1860160243962,2,7669.064543
12894,10,7,7,99.75,1,0.042761
12897,6,301138,10,83.91127281452515,1,0.481514
1290,41,11215,10,174.89313640726257,2,0.343392
12902,23,143650,143650,129.54430606766135,1,28.6021
12904,16,1260710,100,124.03627281452515,2,3.243071
12921,11,7,7,85.75,1,0.027842
12932,11,7,7,83.75,1,0.022271
12936,20,1589663,100,132.2221433774422,1,130.400443
12950,24,3850116,3850116,92.79287961713362,1,18602.733967
12953,18,1061807,1061807,214.43749468114316,1,400.870756
12957,16,7,7,16.0,1,0.048872
12961,12,7,7,79.75,1,0.050695
12963,19,143650,143650,170.32915243165877,1,4078.416258
12965,21,1260710,1260710,193.59819413632016,2,750.469927
12969,14,4,4,44.125,1,0.065983
12972,26,1589663,100,85.90036782760504,1,181.712365
12974,10,7,7,81.75,1,0.03176
12975,22,27,27,218.38552444134268,1,0.102241
12980,16,1260710,1260710,40.125,1,89.609312
12983,12,1260710,1260710,79.01813640726257,1,243.822264
1299,25,0,0,120.0,2,0.001312
12994,25,0,0,119.75,1,1e-06
13007,12,5,5,85.75,1,0.034535
13016,25,1023784,100,206.32915243165877,2,7.446319
13017,7,7,7,106.0,1,0.022101
13029,16,7,7,121.625,1,0.021731
13030,26,233755,233755,195.88925971154333,2,104.520828
13035,23,3850116,3850116,224.60102040348502,2,4734.476732
13038,17,2107966,2107966,151.78627281452515,2,1067.501612
13041,19,2601417,2601417,89.39313640726257,2,1147.759949
13042,18,1589663,100,144.2221433774422,1,177.173546
13043,11,11215,11215,118.03627281452515,1,2.707066
13051,22,573101,573101,134.35854648108483,2,433.795695
13052,18,3685416,100,170.32915243165877,1,53.498641
13053,17,3685416,100,119.4360160243962,2,6.044308
13055,16,1260710,100,83.91127281452515,1,4.296565
13061,15,8,8,129.75,1,0.034044
13067,20,7,7,83.75,1,0.017141
13074,18,1023784,1023784,76.25,2,510.331468
13075,16,2973048,2973048,146.76813640726257,2,174111.556736
13076,20,7,7,77.875,1,0.031119
13092,11,7,7,85.75,1,0.028694
13094,28,3685416,100,125.8945628577903,1,53.690819
13095,20,1668164,100,162.32915243165877,1,4.105055
13098,14,965493,100,1126.377952460485,1,1.711862
13102,18,3685416,100,231.3305788821865,1,57.435431
13105,15,5,5,77.75,1,0.03186
13106,14,145542,100,102.54287961713362,1,1.6812
13110,6,1260710,1260710,86.89313640726257,1,283.97203
13114,16,5,5,83.75,1,0.024445
13115,23,2973048,2973048,161.53627281452515,2,3301.093739
13124,18,1589663,100,152.2221433774422,1,245.872295
13126,17,7,7,95.75,1,0.034584
13133,12,5,5,99.875,1,0.030027
13136,19,1668164,100,128.2221433774422,1,29.508652
13138,18,265255,265255,194.56249468114316,1,49.684644
13147,13,3850116,100,119.4360160243962,2,9.867869
13149,20,3850116,100,139.5610160243962,1,68.608986
13150,15,1260710,100,128.9514697405959,1,1.428068
13160,27,2181952,2181952,148.2315230031162,2,3066.573573
13165,14,1260710,1260710,117.01813640726257,1,682.547305
13174,19,143650,143650,100.54287961713362,2,43.496986
13175,13,1260710,100,105.91127281452515,1,2.508561
13176,19,4574495,4574495,97.73310564455309,2,6332.539943
13181,23,265255,265255,193.21075923426724,2,82.917377
13186,19,10974702,100,241.5610160243962,2,44.728705
13190,11,1260710,100,139.78627281452515,1,1.879368
13191,12,1260710,1260710,117.01813640726257,2,299.745531
13200,20,0,0,102.0,2,0.000732
13201,17,7,7,124.76813640726257,1,0.049973
13201,7,1045736,1,38.893136407262574,1,1.21824
13203,18,1260710,10,92.0,1,1.567486
13211,22,468102,468102,175.3110160243962,1,1851.035076
13212,17,3685416,100,203.1860160243962,1,48.344936
13219,20,3685416,100,165.29493739680828,1,17735.452608
13232,19,261413,100,142.20415243165877,1,5.709413
13234,16,8824970,8824970,114.89313640726257,3,11888.786876
13244,18,690658,100,155.14313640726257,1,9.14577
13247,16,1260710,1260710,115.01813640726257,1,193.795093
13250,31,0,0,214.9970320487924,1,0.001463
13263,23,7238574,7238574,135.44416901760297,1,33018.481541
13268,31,410722,100,178.2779047549654,1,5.244355
13276,24,1023784,1023784,155.5610160243962,2,614.667559
13277,20,2973048,2973048,95.01813640726257,2,116288.712482
13281,15,11215,100,122.67940922178772,1,0.39594
13282,18,1589663,100,210.32915243165877,1,4.083557
13285,23,145542,100,90.0864023767915,1,2.672482
13286,25,345543,100,216.06307380407085,1,8.888766
13287,12,7,7,79.75,1,0.035847
13296,16,1260710,1260710,136.10311233352635,1,337.463758
13301,17,3685416,100,161.4360160243962,1,47.495937
13303,12,7,7,79.75,1,0.036097
13311,30,3850116,3850116,151.97454174673805,1,9158.198012
13312,23,3685416,3685416,111.48310564455309,2,3066.895392
13314,13,3848539,100,103.15322744007341,1,57.072121
13321,17,5,5,1189.3235432386973,1,0.019226
13322,6,1260710,1260710,102.89313640726257,1,503.100174
13325,10,7,7,85.75,1,0.042018
13327,19,449512,449512,157.46075923426724,2,279.579294
13341,29,3,3,117.16495217286959,1,0.030406
13344,16,70,70,98.76813640726257,1,0.256819
13344,1,1260710,10,30.893136407262574,1,1.457847
13351,16,3685416,100,77.20997592626378,1,47.533501
13352,18,7,7,91.75,1,0.024836
13355,6,1260710,10,87.01813640726257,1,1.646846
13357,16,3850116,100,95.08497592626378,2,10.136182
13358,15,3685416,3685416,99.7695628577903,2,8088.483977
13361,25,1555305,1555305,210.74267815400063,1,1121.553634
13365,15,145542,100,145.08575923426724,2,1.27499
13369,18,7751848,7751848,117.17261583806825,2,29577.958132
13371,19,1260710,1260710,79.7695628577903,1,1307.837443
13381,25,3850116,3850116,180.8509681972658,1,10941.235178
13386,9,1260710,1260710,32.125,1,442.390931
13387,19,261413,261413,223.4360160243962,2,170.543659
13390,13,1260710,100,44.25,2,3.071698
13397,18,10085680,10085680,138.0,2,9744.952792
13402,23,0,0,1101.6985432386973,1,0.001543
13405,20,2973048,2973048,112.76813640726257,2,145570.936313
13407,26,1023784,100,158.32915243165877,1,17.61289
13410,13,7,7,97.75,1,0.03252
13411,12,1260710,100,77.01813640726257,1,3.237527
13419,19,440693,100,131.5610160243962,1,5.569556
13423,20,1260710,100,119.49850164860565,1,1.535538
13426,23,119534,119534,159.6860160243962,1,40.621396
13428,17,3850116,3850116,120.41787961713362,2,4875.866687
13430,17,261413,261413,115.54430606766135,1,502.966701
13433,22,1668164,100,157.4377304219766,1,67.251475
13437,32,3685416,100,143.07715585712222,1,54.843085
13440,12,7,7,79.75,1,0.043973
13441,18,1589663,100,210.7259681972658,1,3.802009
13445,16,1260710,1260710,86.89313640726257,1,307.068743
13448,23,2181952,2181952,98.0,1,2053.954231
1345,26,25006,10,120.75142645052773,1,0.341557
13456,9,5,5,77.75,1,0.017954
13457,18,145542,145542,144.25005220621924,2,58.961292
13461,17,1260710,100,103.91127281452515,1,5.404659
13471,27,0,0,104.25,2,1e-06
13475,15,7,7,93.75,1,0.019346
13476,21,98,98,147.61666666666667,1,0.100358
13477,15,10085680,10085680,136.89313640726257,2,2057779.93204
13478,16,1260710,100,113.64494700206023,2,3.368304
13479,12,1260710,1260710,135.01813640726257,2,591.778209
13480,24,1260710,100,139.7695628577903,2,5.001044
13494,9,1260710,1260710,52.375,2,268.824937
13497,11,7,7,79.75,1,0.032691
13500,19,143650,100,168.0971433774422,1,3.942817
13504,27,5,5,141.75,2,0.025197
13506,18,1668164,100,140.87112330428076,1,204.700918
13511,17,3685416,100,165.22228883892134,1,60.254468
13517,11,3685416,3685416,164.1860160243962,2,5689.764252
13529,18,1668164,100,151.84954174673805,1,202.989477
13531,19,143650,143650,159.4360160243962,1,25.953265
13533,22,1023784,1023784,119.14313640726257,2,569.497254
13536,12,1260710,10,165.01813640726257,1,2.06778
13540,15,1260710,100,165.14313640726257,1,4.106105
13541,11,3850116,3850116,141.8778555433974,2,4252.407028
13542,13,7,7,49.20997592626377,1,0.028022
13544,16,8,8,75.875,1,0.036217
13555,18,1668164,1668164,128.2221433774422,1,4815.046134
13557,11,1260710,1260710,63.018136407262574,1,206.215191
13564,18,1589663,100,146.32915243165877,1,30.078329
13567,27,3685416,3685416,112.05808858013218,2,6141.979119
13575,18,1260710,1260710,299.43601602439617,2,1096.911437
13579,11,1260710,1260710,79.01813640726257,1,235.198676
13585,28,0,0,167.6860160243962,2,1e-06
13586,27,3849993,3849993,86.91112735304598,2,6154.646501
13587,9,5,5,85.75,1,0.026789
13588,17,3685416,100,207.3305788821865,1,54.545346
13590,18,1589663,100,144.2221433774422,1,191.088006
13592,20,440693,100,138.20415243165877,2,2.182904
13603,18,1260710,100,74.03627281452515,2,3.171192
13608,13,7,7,58.25,1,0.033853
13614,15,3850116,3850116,104.75142645052773,1,1173.497061
13617,19,261413,100,163.3305788821865,1,4.451396
13618,7,7,7,83.75,1,0.022272
13629,21,3685416,100,159.1860160243962,1,54.481931
13632,15,710143,100,173.87863885140086,1,10.187816
13641,12,7,7,91.75,1,0.030608
13644,7,7,7,81.75,1,0.030878
13653,16,1260710,100,71.01813640726257,2,2.7791
13659,18,1061807,100,152.10389564152982,1,116.055116
13661,17,4574495,4574495,147.9360160243962,2,3744.220779
13662,33,1589663,100,174.53115488433744,2,15.182033
13667,15,3685416,3685416,52.375,2,3602.208289
13683,15,1260710,1260710,101.01813640726257,1,19674.408606
13689,20,1260710,100,99.91127281452515,2,2.768622
13694,6,1260710,1260710,174.89313640726257,2,386.454695
13702,21,1260710,1260710,103.16495217286959,1,371.139932
13705,18,1589663,100,131.38476834770282,1,4.209859
13710,11,1260710,10,56.0,1,2.356052
13714,15,1668164,100,61.9614023767915,2,8.31118
13717,19,261413,261413,158.86767815400066,1,40.937601
13719,12,7,7,67.875,1,0.036588
13720,22,1589663,100,126.45415243165877,1,185.32512
13721,19,261413,261413,142.32915243165877,2,76.14495
13722,18,143650,143650,95.8945628577903,1,38.340256
13731,28,163697,163697,155.3110160243962,2,110.747562
13732,20,1023784,100,104.35652300311618,2,6.714566
13733,20,1589663,100,90.39163805586823,1,26.430564
13736,26,573117,573117,141.1860160243962,1,587.159564
13737,13,2091316,2091316,52.25,1,1092.075341
13740,16,1260710,100,120.03627281452515,1,2.139603
13743,18,1260710,100,210.4135257223419,1,2.386433
13747,20,3850116,100,180.54287961713362,1,58.523142
1375,26,1273,100,151.3110160243962,1,0.265937
13756,17,3850116,100,139.4360160243962,1,56.00016
13759,24,3685416,3685416,194.70415243165877,2,16311.429846
13763,17,4574495,4574495,148.66787961713362,2,10805.712892
13764,34,3850116,100,129.08497592626378,1,11.682209
13765,21,1023784,1023784,105.00142645052773,2,441.050092
13770,17,3685416,100,160.0971433774422,1,52.063198
13778,20,1260710,100,215.97811233352633,2,5.87163
13784,19,9927,9927,160.10389564152982,2,2.304693
13788,18,143650,143650,143.3110160243962,2,55.467749
13792,18,1668164,100,139.5610160243962,1,100.629494
13794,12,7,7,81.75,1,0.035457
13799,23,1668164,1668164,155.3110160243962,1,766.355228
13801,17,7,7,119.75,1,0.025738
13805,12,1260710,1260710,71.01813640726257,2,468.133243
13811,23,1589663,100,83.8364023767915,1,11.323008
13832,22,3685416,3685416,175.2724184011877,1,3727.807323
13834,24,4078820,100,135.6860160243962,1,395.353985
13836,12,7,7,67.875,1,0.027803
13845,13,1260710,100,88.75181059479766,2,5.537015
1385,24,181387,100,165.3203956500702,2,1.598117
13850,21,1668164,100,74.87642645052773,1,3.288172
13858,19,1260710,1260710,199.97811233352633,2,143.041388
13861,23,1260710,100,89.08497592626378,1,1.277777
13865,25,9907,9907,79.01813640726257,2,3.174362
13867,24,7,7,50.0,1,0.03242
13869,20,1260710,1260710,135.01813640726257,2,417.448362
13873,22,84228,84228,153.75,1,14.78415
13878,29,8064402,100,77.86184210526315,1,836.875907
13889,19,261413,261413,163.4360160243962,1,46.951722
13907,19,3850116,3850116,129.5443582738806,1,3542.736284
13913,15,1260710,1260710,93.14313640726257,1,252.420099
13920,9,1260710,10,59.268136407262574,1,1.322587
13923,31,8,8,134.78612735304597,1,0.041909
13926,19,1023784,1023784,152.66787961713362,2,440.719319
13927,22,79947,79947,180.76813640726257,2,450.910577
13928,24,261413,261413,131.5610160243962,1,118.381499
13933,18,1668164,100,204.89677525866344,2,3.162951
13934,20,1668164,10,137.08575923426724,1,3.362393
13938,21,440693,440693,80.18308858013216,2,158.385608
13940,12,1260710,100,91.01813640726257,1,4.57577
13941,18,1455511,1455511,161.4360160243962,1,351.868219
13942,15,1589663,100,135.3110160243962,2,3.889216
13945,19,3850116,3850116,128.54287961713362,2,4801.149892
13946,18,371631,371631,52.125,1,86.479084
13948,19,1260710,100,274.89313640726255,1,3.988911
13951,11,11215,11215,44.25,1,2.967643
13958,15,265255,265255,123.08575923426724,1,101.783655
13965,19,3680979,100,118.32915243165877,1,58.656176
13967,19,143650,100,142.32915243165877,1,2.959039
13968,7,7,7,81.75,1,0.024145
13970,15,1260710,100,222.0,2,3.082293
13975,12,1260710,100,163.01813640726257,2,4.570709
13977,27,143650,100,226.40160306893063,2,1.042327
13979,23,371631,100,44.0,2,1.242412
13984,20,10,10,40.0,1,0.025167
13984,6,1260710,10,28.0,1,1.194622
13988,25,1668164,100,109.88346666166804,1,45.890813
13990,16,1260710,100,211.30666212960443,1,3.244948
140,20,371631,50,270.89313640726255,2,1.327518
14000,16,1260710,100,91.01813640726257,1,1.895249
14002,21,11215,100,131.5610160243962,2,1.437424
14003,21,1758732,100,180.51093846298684,1,30.44649
14004,23,71795,100,105.5610160243962,2,1.42409
14007,12,261413,10,132.7259681972658,2,1.753996
14013,17,1260710,100,86.16127281452515,2,6.375071
14015,19,3850116,100,116.54287961713362,2,12.287259
14018,25,143650,143650,135.6860160243962,2,45.415886
1402,28,0,0,138.66787961713362,2,0.000901
14030,9,1260710,1260710,120.0,2,330.267093
14034,23,2107966,2107966,116.76813640726257,2,1375.518479
14038,27,4574495,4574495,124.30808858013218,2,10112.827559
14044,18,1589663,100,120.22214337744218,2,2.873579
14046,16,1320414,1320414,119.66127281452515,1,408.31163
14057,20,143650,100,92.79287961713362,1,1.990017
14060,18,449512,100,115.3110160243962,1,66.938367
14061,21,3685416,100,192.65160306893063,1,51.636963
14066,8,1668164,1668164,64.25,1,528.363315
14068,23,0,0,171.8110160243962,1,1e-06
14076,23,4574495,4574495,194.45415243165877,2,9690.136037
14079,17,275301,275301,102.03627281452515,2,53.592953
14090,24,2181952,2181952,131.3203956500702,1,1301.006454
14098,15,7,7,83.75,1,0.025797
14099,17,3685416,100,172.43749468114316,1,60.122024
14100,27,3850116,100,175.66127281452515,1,8.721398
14101,12,1260710,100,180.89313640726257,2,3.797506
14102,24,3685416,3685416,214.43782661919386,2,6519.379488
14104,15,261413,100,119.4360160243962,1,7.114511
14106,20,1023784,100,174.20415243165877,2,21.232536
14109,12,1260710,10,92.125,1,1.914376
14110,12,7,7,67.875,1,0.040827
14113,18,4574495,100,224.77177525866344,2,22.609262
14118,12,1260710,100,158.89313640726257,2,4.157203
14120,24,3685416,3685416,136.1445628577903,2,8842.588036
14136,11,7,7,93.75,1,0.028312
14145,18,1589663,100,146.32915243165877,1,7.211494
14149,6,1260710,10,64.89313640726257,1,1.907459
14157,23,0,0,183.4360160243962,2,1e-06
14166,6,1260710,1260710,63.018136407262574,1,146.335482
14172,21,1668164,100,160.6009681972658,2,8.254708
14173,13,261413,100,126.0028555433974,2,2.033419
14175,17,2601417,2601417,79.875,2,1968.98939
14183,11,1260710,10,87.14313640726257,1,1.459819
14187,25,1023784,1023784,128.66787961713362,2,732.652836
14200,23,1023784,100,149.6445628577903,1,127.831285
14201,19,8824970,8824970,97.01813640726257,1,8675.277155
14208,22,3850116,3850116,30.125,1,600.000002
14211,19,3850116,3850116,86.25005220621924,1,5291.670539
14214,15,0,0,1212.475198513847,1,0.000781
14215,21,3685416,3685416,173.1860160243962,1,973.565323
14223,13,7,7,91.75,1,0.040626
14226,18,5,5,104.1981600034908,1,0.022432
14230,18,26014170,26014170,87.34058704453442,2,17581.420261
14230,3,1976,10,37.215587044534416,1,0.061686
14231,15,98,98,52.25,2,0.646198
14232,15,1589663,100,124.22214337744218,1,30.980208
14233,22,21791,21791,200.35389564152982,1,4.033564
14234,15,1260710,100,165.14313640726257,1,3.222696
14250,11,1260710,1260710,52.125,2,377.87762
14257,33,5358,5358,203.1220320487924,2,0.796578
14258,18,3685416,3685416,166.13925971154333,2,11071.494844
14266,21,410722,100,181.21075923426724,2,4.214031
14267,18,690658,690658,119.4360160243962,1,208.070962
14270,13,1126006,1,42.893136407262574,1,0.861394
14275,6,1260710,1260710,71.01813640726257,1,274.772918
14277,18,1023784,1023784,169.3290069701796,2,484.818694
14279,21,265255,265255,116.61663194044024,1,58.144188
14281,17,1668164,100,106.35298689701818,1,216.229726
14282,29,1023784,100,202.07915243165877,1,7.774676
14297,11,7,7,79.75,1,0.017783
14298,14,1260710,1260710,83.26813640726257,2,415.498718
14299,24,3685416,100,134.25497851252572,1,62.523172
14300,19,11214,100,38.125,1,0.543485
14302,13,371631,371631,83.14313640726257,1,118.207808
14303,16,261413,100,157.9719987190008,1,833.504782
14307,23,158690,158690,94.0864023767915,1,52.918666
14313,22,1023784,1023784,163.6860160243962,2,766.450203
14316,12,7,7,93.75,1,0.024264
1432,25,184190,184190,80.23372345179699,2,53.154582
1432,8,1976,5,41.215587044534416,1,0.141965
14321,22,3685416,3685416,109.48310564455309,2,5782.432669
14323,22,1260710,1260710,67.01813640726257,2,186.473304
14326,7,7,7,79.75,1,0.038562
14327,22,3850847,100,148.483723451797,2,67.620593
14329,20,1023784,100,119.5610160243962,2,8.967779
14336,9,371631,371631,38.125,1,73.420167
14346,24,71208,71208,72.37590529739883,1,22.816199
14358,18,143650,143650,127.4360160243962,1,18.022859
14360,30,167797,167797,128.2221433774422,2,56.389208
14371,27,410722,410722,102.125,1,147.673988
14375,12,7,7,79.75,1,0.042429
14378,19,1061807,1061807,150.32915243165877,1,643.761133
14381,25,1260710,1260710,80.33853205733277,1,468.628603
14384,18,1589663,100,150.32915243165877,1,3.859274
14386,18,9907,100,107.6445628577903,1,0.492039
14387,15,1589663,1589663,108.22214337744218,1,602.799704
14388,23,7,7,46.125,1,0.040868
14396,27,5,5,116.64313640726257,1,0.068739
14398,15,3850116,100,217.78093515756595,1,392.419729
14401,31,1023784,100,167.3110160243962,3,7.230659
14403,7,7,7,77.75,1,0.027842
14406,28,1023784,1023784,140.2221433774422,2,797.427216
14408,15,7320152,7320152,151.78627281452515,2,25997.767276
14409,23,265255,265255,172.7564116744664,1,120.096109
14412,11,7,7,85.75,1,0.036959
14415,7,31,31,50.5,1,0.021129
14418,17,7,7,123.875,1,0.041327
14422,23,8824970,8824970,121.01813640726257,2,7058.766632
14454,10,7,7,81.75,1,0.030798
14456,18,3850116,3850116,124.91787961713362,2,6204.256662
14458,7,7,7,90.0,1,0.041908
14465,25,1589663,100,71.28995217286959,1,11.022775
14466,20,3685416,100,151.3110160243962,1,50.734982
14471,13,2601417,2601417,68.89313640726257,2,111811.591476
14476,19,9927,9927,75.875,2,1.973526
14477,14,7,7,67.875,1,0.021079
14483,22,135003,135003,160.79287961713362,2,47.990273
14483,9,1260710,10,40.125,1,1.602792
14493,21,1668164,100,128.9564053394755,1,3.526185
14501,27,1023784,100,222.32915243165877,1,16.210344
1451,33,243146,243146,185.66930606766135,2,72.478495
14510,19,261413,100,185.76081456126323,1,3.79084
14511,19,5,5,89.75,1,0.023353
1452,25,8640,10,64.89313640726257,2,0.217707
14527,26,1589663,100,103.14306450639596,1,31.184373
14528,12,1260710,100,74.89313640726257,1,2.084499
14530,21,4044765,100,165.4377304219766,1,467.919563
14531,28,1260710,100,139.14313640726257,2,3.026079
14533,7,7,7,119.75,1,0.015639
14534,18,1024305,100,146.32915243165877,1,14.434961
14547,16,70,70,112.64313640726257,1,0.056815
14547,6,1260710,10,30.893136407262574,1,1.24637
14555,21,5,5,64.0,1,0.014537
14560,16,7,7,79.875,1,0.030998
14561,14,7,7,89.875,1,0.035126
14567,18,145512,145512,105.21075923426723,1,21.884033
14583,27,371631,371631,113.78627281452515,2,138.850781
14584,17,3685416,100,154.86767815400066,1,62.790598
14588,19,1668164,100,140.2221433774422,1,42.200562
14590,18,1589663,100,100.54287961713362,1,26.647837
14594,41,0,0,171.5610160243962,2,1e-06
14596,14,7,7,125.625,1,0.026159
14604,20,0,0,129.4360160243962,1,1e-06
14605,23,1260710,1260710,60.125,1,632.304111
14606,17,7,7,83.75,1,0.025126
14619,9,5,5,127.75,1,0.018475
14625,18,1668164,100,138.20415243165877,1,8.982138
14633,10,3850116,100,181.51209555031178,2,7.51793
14635,16,1260710,100,106.41352572234187,1,4.788605
14648,18,323743,323743,98.10311233352635,2,53.015638
14653,21,3850116,100,109.28995217286959,1,8.436237
14660,14,1260710,1260710,95.01813640726257,2,489.361851
14661,7,1260710,1260710,135.01813640726257,2,764.606285
14671,19,1260710,1260710,199.97811233352633,1,158.403961
14673,15,265255,265255,161.75363885140086,1,53.990031
14674,6,1260710,10,71.14313640726257,1,1.31485
1468,19,62575,62575,180.0,2,19.722199
14687,17,265255,265255,179.3110160243962,2,107.292893
14689,28,1023784,100,160.66787961713362,2,5.423771
14694,13,1260710,100,79.01813640726257,1,4.19134
1470,26,2162,2162,77.5703956500702,1,0.178234
14700,13,1260710,100,181.3940417046614,1,2.958248
14719,27,0,0,163.8110160243962,2,1e-06
14729,16,4574495,4574495,221.3110160243962,2,4821.215835
14732,13,3850116,3850116,115.3110160243962,1,2725.872521
14741,24,11215,11215,162.89313640726257,1,3.24353
14747,13,98,98,56.25,2,0.636338
14751,12,1260710,100,85.01813640726257,1,1.942766
14753,10,7,7,83.75,1,0.049884
14759,12,1260710,10,161.01813640726257,1,4.149181
14762,15,265255,100,123.4360160243962,2,3.135464
14766,28,1023784,100,143.12733174792658,2,7.801087
14781,26,3685416,3685416,167.6860160243962,2,3484.070164
14788,16,1260710,1260710,165.01813640726257,1,364.06523
14790,29,0,0,174.45415243165877,2,0.001693
14792,18,1589663,100,202.52660306893063,1,25.759119
14799,15,1260710,100,134.0,2,5.126635
14802,1,1976,10,37.215587044534416,1,0.081632
14802,14,94054,100,72.89313640726257,1,1.631666
14809,12,1260710,100,76.89313640726257,1,4.598752
14817,10,7,7,137.875,1,0.030597
14819,22,382210,382210,124.64313640726257,2,163.056443
14828,23,0,0,171.0208665141518,2,1e-06
14830,15,1668164,100,124.22214337744218,1,31.471017
14834,18,1260710,100,215.49850164860567,1,2.887058
14836,12,4,4,89.75,1,0.020889
14838,36,0,0,235.97454174673805,1,1e-06
14843,9,5,5,77.75,1,0.017894
14848,19,2601417,2601417,39.445395650070196,2,1118.996609
14850,20,3685416,10,56.25,2,8.749418
14855,12,7,7,83.75,1,0.03201
14856,9,1260710,1260710,91.26813640726257,2,535.720577
14858,21,8,8,122.0,1,0.01641
14860,20,4,4,114.0,1,0.017472
14864,17,3685416,3685416,50.375,1,4845.17924
14867,19,3685416,3685416,139.8945628577903,2,5134.318261
14871,18,1589663,1589663,132.2221433774422,1,736.940874
14874,12,32452,32452,62.893136407262574,2,7.060221
14875,18,1668164,1668164,128.2221433774422,1,797.169359
14876,16,1260710,10,73.01813640726257,1,1.214264
14880,29,0,0,181.12112330428076,2,1e-06
14885,19,10035,10035,140.99612330428076,2,2.464563
14888,33,1589663,100,78.70324368714714,1,8.758751
14891,19,440693,440693,150.32915243165877,1,459.072417
14894,17,2601368,2601368,208.64313640726257,1,122076.514758
14901,14,36465,36465,60.0,1,27.641035
14904,23,1260710,1260710,171.97889564152982,1,245567.825928
14904,11,3850116,1,8.0,1,2.770677
14905,23,8824970,8824970,170.42940922178772,2,1416563.334939
14907,19,265255,265255,156.22889564152982,1,77.116796
14912,7,1260710,10,108.71539111335454,1,2.072024
14913,21,7,7,106.66112735304598,1,0.02637
14920,21,7,7,81.875,1,0.031549
14922,20,98,98,191.74166666666667,1,0.217175
14927,18,145542,145542,96.0,2,39.51566
14931,19,265255,265255,215.25976834770282,1,109.583636
14934,16,8824970,8824970,82.89313640726257,2,1231467.838303
14935,18,4,4,99.875,1,0.030406
14940,18,1260710,100,104.0,3,8.249348
14942,18,7,7,53.875,1,0.051477
14948,7,7,7,97.875,1,0.040405
14952,24,449512,100,143.4360160243962,1,51.324664
14953,16,1023784,1023784,171.4360160243962,2,577.586474
14958,14,3490496,3490496,82.89313640726257,2,6290.945573
14964,16,1260710,100,107.91127281452515,2,7.618018
14969,18,3685416,3685416,173.86327526720382,2,16648.245729
14979,17,42644,42644,89.75,2,2560.711121
14985,12,7,7,87.75,1,0.054201
14990,13,1260710,10,64.0,1,2.524587
14992,19,265255,100,113.33575923426724,1,4.558503
14996,22,1668164,100,173.4377304219766,1,4.692468
15016,20,1589663,10,57.018136407262574,1,26.574817
15017,10,4891061,10,74.10872345179699,1,433.925999
15032,18,1589663,1589663,121.3110160243962,1,412.254966
15136,10,4891061,10,78.23372345179699,1,455.424313
15152,13,1589663,10,56.893136407262574,1,22.401661
15185,15,1589663,10,99.3110160243962,1,13.708605
152,41,30,30,74.75903790950714,2,0.108091
15276,20,1589663,10,78.05808858013218,1,26.52463
15303,13,1589663,10,52.893136407262574,1,26.362226
15356,7,1589663,10,64.21778948265043,1,118.034378
15417,13,1589663,10,48.893136407262574,1,41.580363
1545,25,1174,10,86.0,2,0.121377
15465,19,440693,440693,137.1860160243962,1,870.834492
15492,6,1260710,10,59.018136407262574,1,1.501303
15528,6,1045736,10,57.78627281452515,1,0.883322
15541,7,1589663,10,74.05808858013216,1,119.64742
15591,13,1589663,10,61.6445628577903,1,21.193719
15601,20,1725047,10,82.10872345179699,1,22.755703
15647,13,1589663,10,56.893136407262574,1,37.240743
1572,15,12115,10,38.0,2,0.209681
15726,6,1045736,10,65.78627281452515,1,1.718526
15825,6,1045736,10,57.78627281452515,1,1.194927
15835,10,4891061,10,70.10872345179699,1,371.187439
15838,10,4891061,10,74.10872345179699,1,381.107796
1584,21,371631,10,126.64079130014039,1,1.946804
15896,28,1589663,10,96.05808858013216,1,16.554895
15918,19,261413,261413,137.1860160243962,1,48.740912
15988,6,1045736,10,57.78627281452515,1,0.876113
15994,6,1045736,1045736,65.78627281452515,1,175.897413
16166,12,1589663,10,127.3110160243962,1,21.136996
16192,14,1589663,10,103.3110160243962,1,19.61629
1622,29,224363,224363,103.29838254708837,2,86.897203
16290,10,4891061,10,82.23372345179699,1,401.855234
16373,10,4891061,10,74.10872345179699,1,419.47372
16443,13,1589663,10,56.893136407262574,1,37.373098
16487,7,1589663,10,64.21778948265043,1,208.884105
16507,10,4891061,10,70.10872345179699,1,397.380547
16545,12,1589663,10,99.3110160243962,1,10.072849
16609,18,1589663,10,56.893136407262574,1,14.33479
1669,19,26346,26346,78.89313640726257,2,7.378341
16744,10,4891061,10,70.10872345179699,1,447.245034
16834,17,3685416,10,159.1860160243962,1,20.031741
1696,32,13486,10,194.89313640726257,2,0.233647
16973,13,1589663,10,56.893136407262574,1,27.265474
1703,14,11215,10,158.89313640726257,2,0.263403
17038,13,1589663,10,56.893136407262574,1,30.831328
17069,15,1589663,10,99.3110160243962,1,10.842449
17078,20,1589663,10,61.018136407262574,1,30.046414
17121,17,3685416,10,159.1860160243962,1,21.384184
17160,6,1260710,10,58.893136407262574,1,1.836388
17299,10,4891061,10,126.90160306893061,1,422.657059
17332,18,1589663,10,60.893136407262574,1,16.514072
17333,13,1589663,10,56.893136407262574,1,40.129913
17357,9,10558,10,50.893136407262574,1,0.38049
17475,20,1589663,10,61.018136407262574,1,21.756382
17599,6,1045736,10,65.78627281452515,1,1.743751
1765,22,2585,50,104.03627281452515,1,0.183924
17677,7,1589663,10,44.893136407262574,1,109.190407
17715,20,1589663,10,61.018136407262574,1,20.865041
17737,17,1589663,10,119.3110160243962,1,10.644868
17849,20,1589663,10,65.14313640726257,1,29.65891
17912,17,3685416,10,163.1860160243962,1,23.997202
17913,13,194389,194389,57.78627281452515,1,26.058432
17946,13,1589663,10,52.893136407262574,1,21.019851
18,23,4529,4529,164.0,2,0.541141
180,18,121708,121708,102.40537157633398,1,15.542557
18042,13,1589663,10,48.893136407262574,1,26.024318
18054,13,1589663,10,52.893136407262574,1,27.391165
18157,9,1045736,10,63.78627281452515,1,1.155594
18210,6,301138,10,57.78627281452515,1,0.392912
18229,9,1045736,10,65.78627281452515,1,1.275777
1823,20,549021,10,172.0,2,2.213628
18301,20,1589663,10,78.05808858013218,1,26.615311
18312,13,1589663,10,56.893136407262574,1,22.371814
1854,25,10705,10705,118.87642645052773,2,4.173074
18554,20,1589663,10,61.018136407262574,1,28.126786
18572,10,4891061,10,74.10872345179699,1,368.37483
18626,19,1589663,10,97.3110160243962,1,15.386812
18654,18,1589663,10,74.72953878405407,1,11.753181
187,21,1191653,20,170.40537157633398,2,5.85464
1877,28,11215,11215,232.125,2,0.721789
18797,15,1589663,10,123.3110160243962,1,11.296121
188,37,19,19,122.89313640726257,2,0.015979
188,22,1174,1174,58.893136407262574,1,0.085088
1882,50,194389,194389,132.6314116744664,1,48.431196
1882,12,2163672,1,12.0,1,1.931275
1882,22,2163672,1,12.0,1,3.118417
1882,41,2163672,1,12.0,1,2.775044
18868,17,3685416,10,163.1860160243962,1,18.498923
18929,13,1589663,10,52.893136407262574,1,26.701671
19002,10,4891061,10,82.23372345179699,1,383.398058
19027,6,1045736,10,57.78627281452515,1,1.102701
19034,10,4891061,10,74.10872345179699,1,398.690208
19100,10,4891061,10,126.90160306893061,1,394.807574
19122,13,1589663,10,129.4377304219766,1,108.323612
19149,17,3685416,10,163.1860160243962,1,18.810369
19176,10,4891061,10,126.90160306893061,1,386.875216
1919,28,0,0,104.54287961713362,2,1e-06
1925,13,284,284,194.89313640726257,2,0.080692
19283,13,1589663,10,56.893136407262574,1,39.837196
19301,13,1589663,10,52.893136407262574,1,26.627071
19314,17,1589663,10,136.9735698279699,1,10.327875
1945,39,356977,50,157.98827526720382,2,2.363283
19611,13,1589663,10,61.6445628577903,1,21.001116
19637,10,4891061,10,74.10872345179699,1,6.183961
19669,12,1589663,10,127.3110160243962,1,26.752096
19673,17,3685416,10,163.1860160243962,1,22.39798
19692,10,4891061,10,78.23372345179699,1,441.604287
19801,15,1589663,100,123.3110160243962,1,33.710657
19841,18,1589663,10,60.893136407262574,1,27.545643
1987,22,4574281,10,270.89313640726255,2,11.964663
20028,65,144,10,103.8364023767915,2,0.098794
20039,28,1090738,1090738,171.3110160243962,2,1076.223883
20076,35,797348,100,1168.010985713621,2,6.442744
2010,22,173187,173187,166.40537157633395,2,24.17262
2023,28,199012,10,208.108723451797,1,0.995577
2023,5,1976,5,37.215587044534416,1,0.098805
20370,30,10883,10,186.40537157633395,2,0.20796
20609,26,0,0,193.08575923426724,2,0.00053
20652,26,1260822,100,224.0,1,2.119021
2070,34,0,0,195.4360160243962,2,0.000631
20719,26,82445,82445,122.89313640726257,2,50.516418
20757,34,308498,100,152.0,1,3.317899
20809,36,843669,100,177.85751930097206,2,6.061397
20838,26,1260710,1260710,88.0,1,26.897504
20866,28,0,0,125.98827526720382,2,0.000401
20887,47,0,0,66.89313640726257,1,0.000762
20889,25,118,10,133.3203956500702,2,0.07488
2090,24,24476,24476,73.91036488736071,2,6.564964
21,30,35,35,124.75641167446639,2,0.105127
21187,28,0,0,124.54287961713362,2,0.000801
21328,38,5778,5778,162.89313640726257,3,0.712883
21342,26,142839,142839,169.49850164860564,3,29.931734
21391,41,4993,100,176.18744247492393,2,0.966335
21514,37,378227,50,215.23166846459534,2,11.511979
21552,29,43843,10,206.89313640726257,2,3.218563
21633,29,54440,54440,138.77506578774506,2,20.38616
21633,8,262067,5,20.375,1,1.908831
21769,25,0,0,84.66787961713362,2,0.000942
21866,29,0,0,100.125,2,0.000831
21981,39,1680,50,208.48363200232168,1,3.325533
22117,35,0,0,152.125,2,1e-06
22118,26,28613,10,66.125,1,0.291383
22203,35,31695,10,168.4135257223419,2,0.562421
22228,47,205668,10,42.0,1,2.60615
22271,30,76721,76721,280.21353205733277,2,26.077329
22400,51,132,10,87.01813640726257,3,0.07486
2245,31,62575,62575,118.89313640726257,2,43.426498
2246,16,371631,371631,144.0,2,189.037142
2249,15,371631,10,158.89313640726257,1,0.848469
22552,19,119,119,216.21353205733277,2,0.127047
22580,27,2687,100,227.01813640726257,2,0.29437
22611,22,1260710,1260710,182.50232714287742,2,2452.167526
22664,37,3129,3129,125.05440922178772,1,0.176069
22664,15,121464,10,35.018136407262574,1,0.254545
228,37,1909,1909,89.23108783939209,2,0.31588
2284,25,371631,371631,168.80440922178772,2,484.82637
2289,10,11215,10,144.21353205733277,1,0.473344
23122,25,153698,50,111.14313640726257,2,0.842153
23193,26,338773,338773,104.0,2,160.095309
23214,22,1260710,50,194.89313640726257,2,4.114093
23216,31,56055,56055,127.01813640726257,2,16.665962
23252,25,39952,39952,175.30666212960443,3,11.943443
23267,40,0,0,82.89313640726257,2,1e-06
23345,46,1589663,1589663,135.8945628577903,2,482.774505
23468,28,27845,27845,106.21353205733277,2,14.642215
23542,19,3,3,87.91036488736071,1,0.031468
23590,27,7198,100,161.29430606766135,2,0.437036
2360,39,468551,468551,86.89313640726257,2,469.811159
23710,33,50432,50,111.01813640726257,1,0.471231
23731,25,7173,7173,83.20997592626378,2,1.042637
23758,30,549022,549022,185.3203956500702,2,232.103242
23860,34,0,0,1132.367662818471,2,1e-06
23976,38,635,50,144.54287961713362,1,0.169336
23994,27,151304,151304,197.78627281452515,2,60.702696
24002,38,6813,6813,88.25123996264008,2,1.00102
24030,29,68089,100,1121.5618185059009,2,0.982968
24058,30,173089,10,164.75142645052773,2,0.663527
24072,28,1260710,10,69.62609659033649,1,1.325536
24181,23,72510,30,248.5965833755385,2,2.794441
2421,22,11215,11215,95.01813640726257,2,3.728063
24305,32,535166,100,215.93333333333334,2,3.251824
24382,41,1331091,1331091,179.5610160243962,2,1119.933225
24394,20,5385,10,228.41787961713362,2,0.186538
2442,18,347707,347707,155.4360160243962,2,155.535907
24531,25,11215,11215,116.10311233352635,2,0.94783
24705,36,244472,244472,150.6305219565652,2,143.598379
24801,28,84472,100,197.75285554339737,2,1.577607
24811,19,1589663,1589663,189.33497592626378,2,2621.160719
24816,37,164801,164801,150.48677224444555,2,80.362426
24824,25,1,1,224.0,1,0.034324
25012,17,5081,50,228.54287961713362,2,0.306934
25144,29,871,871,1230.1812042383478,2,0.210293
2515,18,1260710,100,64.0,1,3.477929
2521,27,6352,6352,108.54287961713362,2,1.042788
25217,27,110130,110130,103.00185985905956,2,35.060468
25217,8,1976,10,37.215587044534416,1,0.086933
25231,35,10,10,117.21075923426724,2,0.052638
25231,8,449512,10,12.0,1,1.684586
25231,31,449512,10,72.54287961713362,1,1.060915
25335,14,549021,50,83.01813640726257,2,2.569171
25352,24,0,0,66.10872345179699,2,1e-06
25352,12,371624,5,32.893136407262574,1,0.529301
25352,21,1976,10,37.215587044534416,1,0.18209
2537,27,1260088,1260088,98.0,3,657.836286
25396,23,1260710,1260710,138.92940922178772,2,1201.309665
25458,38,19360,19360,63.143136407262574,2,1.634333
25458,12,166731,10,35.143136407262574,1,0.351474
2551,19,1260710,10,190.89313640726257,2,3.346592
25521,20,0,0,79.97462495404156,1,0.000541
25541,24,1880,1880,56.0,2,0.278912
25546,26,0,0,196.7766030689306,1,1e-06
25554,25,322,322,94.125,2,0.07999
25554,15,1260710,10,68.0,3,4.174118
25579,23,1260710,10,114.89313640726257,2,3.210612
25602,26,1976,1976,80.10872345179699,2,62.348727
25617,29,58191,58191,48.501239962640085,1,23.973324
25670,27,1976,1976,108.25,2,0.173133
25679,19,36837,10,79.14313640726257,2,0.536371
25771,22,1976,1976,116.25,2,0.667877
25798,47,10,10,110.50903790950714,1,0.020648
25798,44,1384,10,62.50903790950714,1,0.132057
25805,25,11215,10,185.01813640726257,2,0.221545
25918,23,371631,100,99.60810564455309,2,1.749255
25981,52,2286206,2286206,166.89313640726257,1,5190.094613
25981,8,1976,10,32.0,1,0.120235
25996,17,1260710,1260710,169.3203956500702,3,957.582348
26,30,21377,21377,101.75285554339739,2,5.783367
26066,25,19760,19760,114.74276136130413,2,7.434177
26066,21,1589663,10,44.893136407262574,2,5.049814
26076,32,0,0,126.38842003958621,3,1e-06
2612,30,1668164,50,73.01813640726257,2,36.324633
26186,20,1165300,50,1177.3844986748454,2,11.079667
26210,27,52607,52607,150.3787711129919,2,8.156809
26210,7,1589663,5,32.893136407262574,1,2.325076
26210,22,3832632,10,46.59249829846674,1,510.570685
26232,32,14280,14280,105.5743104963314,2,47.637272
26232,29,6465,10,61.78627281452515,1,0.196677
26257,16,1260710,100,224.0,2,3.263122
26327,16,371631,10,93.01813640726257,2,1.507047
26355,40,15896630,100,138.16121222627686,1,22.246966
26355,5,403475,10,38.50903790950714,1,1.560613
26400,42,12607100,10,185.31948268606422,2,16860.821755
26400,5,1976,10,63.84962495404156,1,0.489535
26513,21,3998781,100,212.54287961713362,2,16.0091
26632,28,1668164,1668164,101.83283179000323,2,1172.119473
26637,13,1260710,100,175.30666212960443,2,2.551595
2670,24,1299439,10,120.21353205733277,1,0.957138
26704,17,95,95,1103.4848160532224,2,0.153848
26711,17,1260710,10,248.0,2,2.595357
26783,26,1260710,10,195.5610160243962,3,2.56529
26787,31,45,45,52.893136407262574,2,0.19798
26787,15,202914,10,40.893136407262574,1,0.612515
26831,23,5591250,10,78.89313640726257,2,15.653476
2684,17,9927,100,146.73970171773155,1,0.459909
26840,24,212062032,212062032,64.89313640726257,2,3201443.466873
2687,21,55629,10,142.7215828300557,2,0.312283
2691,24,11686,10,173.5028555433974,1,0.872511
26962,15,2,2,64.0,1,0.184364
26984,19,1260710,1260710,191.3940417046614,1,1773.049109
27106,28,0,0,128.86776136130413,2,0.000871
27176,23,1668164,20,215.3110160243962,2,5.92574
27183,39,1876,1876,113.00185985905956,2,74.1516
27183,23,64136,1,50.893136407262574,1,0.364482
27183,36,24618,1,30.893136407262574,1,0.316552
2722,34,0,0,132.66787961713362,2,0.000511
27229,23,0,0,1105.4848160532224,2,1e-06
27229,12,26346,5,28.893136407262574,1,0.35841
27244,18,73078,10,109.14313640726257,1,0.477273
27582,27,39574,39574,131.40217431676973,3,13.769373
27620,38,30,30,128.95264936127128,3,0.286326
27651,28,409661,409661,117.33575923426723,2,182.811198
27660,26,50,50,42.0,2,0.086031
27660,11,11359,5,14.0,2,2.270441
27660,23,1976,10,32.0,1,0.148567
27667,23,5096,5096,202.82148038443108,3,0.856379
27684,18,1260710,10,116.0,2,3.783332
27739,17,371631,10,66.125,2,2.045539
27757,23,10,10,45.320395650070196,1,0.035366
27757,8,1976,10,32.0,1,0.127207
27823,42,1976,10,106.74276136130413,1,2.102913
2784,31,262067,100,181.5802469328197,1,3.333314
27851,27,549282,549282,210.0259852616867,2,382.643244
27917,25,109383729,109383729,44.375,2,897129.378102
27925,60,0,0,215.9491667007796,2,0.000751
27946,54,1976,1976,153.2155870445344,2,0.287106
28007,28,2165,2165,106.54287961713362,2,0.208359
28007,9,329473,5,14.0,1,0.566373
28010,37,88227,100,143.3243104963314,1,21.149156
28027,30,0,0,100.0,3,0.015659
2803,29,866,100,167.5610160243962,1,0.151262
28032,20,1055776,1055776,195.67226042788184,2,1023.294441
28110,24,1011004,1011004,99.01813640726257,2,779.640353
28110,11,1976,10,32.0,1,0.087575
28165,13,371631,371631,95.91127281452515,3,338.08309
28292,34,0,0,144.39751853734165,2,1e-06
28292,3,10232775,10,20.28879508554465,1,33.640071
28306,30,0,0,116.60872345179699,3,1e-06
2831,23,0,0,60.25,2,0.000492
28321,14,9155,9155,140.89313640726257,2,2.616979
28380,18,36838,10,220.0,2,0.410166
284,23,0,0,123.14313640726257,2,1e-06
28437,22,1260710,100,308.4135257223419,3,4.846941
28469,23,21712240,10,123.12685985905956,2,33.979187
28524,34,2789631,10,204.32225550912975,2,11.652863
28597,38,410722,410722,244.6516030689306,2,769.637264
28598,16,1260710,10,212.4135257223419,2,2.350134
28604,19,580978,10,152.0,3,2.184282
28615,25,1668164,100,2200.8298442882724,2,6.99923
28646,17,30443,10,44.125,2,0.432058
28667,28,1505,1505,119.52711372852143,1,0.172362
28744,22,922952,922952,1076.1164228558307,1,2699.681348
28744,17,1976,10,28.0,1,0.071773
28751,26,10,10,212.63566909978405,1,0.061935
28751,14,1589663,10,132.2221433774422,1,1.590371
28777,34,11215,11215,113.00185985905956,2,361.759153
2880,19,549021,10,120.41352572234187,2,1.71378
28839,35,75200,50,1306.8538568323715,2,0.737097
2885,26,1891,1891,179.97889564152982,2,0.296183
28879,33,0,0,141.96701349506213,2,0.38652
28894,32,920865,920865,147.00185985905955,2,499.748326
28894,9,925,5,37.215587044534416,1,0.054702
29018,24,639,639,155.44924990808312,1,0.10139
29086,19,11214,10,56.125,2,0.436587
29102,37,224067,224067,119.5610160243962,2,92.133209
29102,17,1976,10,32.0,1,0.066224
29115,41,190610,190610,40.125,2,50.255409
29115,26,1474,10,32.0,1,0.076593
29147,18,1260710,10,196.41352572234186,2,4.537854
29215,26,1260710,10,240.0,2,1.912904
29284,24,120960,120960,77.40217431676972,2,28.16476
29284,14,48549,10,38.893136407262574,1,0.217856
29320,14,36838,10,156.89313640726257,1,0.189474
29321,13,1106,1106,61.340587044534416,2,0.108944
29335,30,257160,257160,88.89313640726257,2,1371.594649
29335,8,1976,10,32.0,1,0.066996
29335,27,1976,10,32.0,1,0.066855
29437,61,1976,10,237.95352059557138,2,2.730717
29487,20,371631,10,160.0,1,0.813529
29558,62,1976,10,268.0712932808619,2,2.837603
29608,45,0,0,131.37685985905955,3,1e-06
29615,41,1976,1976,189.81948268606422,2,0.392323
29631,22,572292,50,120.41352572234187,2,1.519107
29656,20,10,10,99.75846666166802,1,0.049022
29656,18,1514,10,91.75846666166802,1,0.118892
29726,15,371631,50,79.01813640726257,2,1.135149
29793,24,2706528,10,85.40217431676972,2,4.610536
29819,29,1065172,20,1208.0276350821077,2,3.658644
29819,8,1976,10,32.0,1,0.109635
29842,31,0,0,1149.5142432778089,2,0.001493
29933,24,3004328089,10,76.0,2,3500.517098
30052,41,204844,204844,120.0,3,125.898841
30104,35,371631,100,169.01813640726257,2,2.188221
30124,36,142472,100,140.91787961713362,2,1.790195
30128,34,48549,48549,129.3110160243962,2,26.007388
30203,29,5848,50,96.75142645052773,2,0.23659
30204,31,2990,10,158.41787961713362,2,0.081833
30227,39,8641,8641,121.6445628577903,2,2.258489
30249,20,29,29,108.49674178648124,1,0.057988
30252,36,2419,2419,178.89313640726257,2,0.224689
30355,37,0,0,148.66787961713362,2,1e-06
30355,21,11215,10,56.0,1,0.178512
30384,42,765601,100,123.5610160243962,1,93.859795
3044,30,0,0,97.29430606766135,1,1e-06
3047,18,1260710,1260710,186.75142645052773,1,296.657822
30476,30,1589663,1589663,118.56808157081687,2,1448.322005
30476,7,42970,10,12.0,1,0.692381
3051,25,3630,20,142.89313640726257,1,0.122068
3054,25,10,10,84.0,2,0.019727
3054,16,11215,10,36.0,1,0.160189
30663,33,32452,10,146.89313640726257,1,0.262761
3067,36,0,0,98.89313640726257,2,1e-06
30692,23,36838,50,157.97811233352635,2,0.300358
30824,33,28968,10,131.5610160243962,1,2.257558
30841,19,194389,194389,164.89313640726257,2,93.644788
30944,15,20407,20407,56.301969128506954,2,5.164509
30959,29,2816025,100,159.4360160243962,2,12.363133
30969,37,389054,389054,123.5610160243962,2,137.600105
3097,26,8,8,182.89313640726257,2,0.036317
30992,33,9927,100,139.08497592626378,2,0.373347
3102,24,549021,10,149.78627281452515,1,1.015318
31090,40,11215,10,186.89313640726257,2,0.224641
3112,30,0,0,127.6445628577903,2,0.000381
31145,39,549021,10,48.0,2,1.744447
31154,39,1720,1720,224.89313640726257,1,0.40696
31166,26,1038253,1038253,79.01813640726257,2,624.870964
31175,32,10,10,132.66787961713362,2,0.030076
31175,17,141537,10,156.66787961713362,1,0.905783
31194,38,31,31,1096.4666796459599,2,0.09582
3125,20,62575,62575,112.89313640726257,2,21.835913
31268,20,1260710,10,151.49850164860567,2,3.302036
3131,21,476,476,34.893136407262574,1,0.467884
31367,27,35212,35212,185.58699919690733,2,15.082371
31400,27,734,50,188.52099195065995,1,0.16015
3144,19,371631,10,96.46353205733277,2,0.756731
31536,35,1271,1271,82.89313640726257,2,0.170878
31562,30,10348,10,88.46353205733277,1,0.157525
31598,35,769,769,125.01813640726257,2,0.086421
31602,27,3958,10,94.89313640726257,1,0.096329
31859,21,339668,100,224.0,2,1.725419
31868,27,371631,10,173.08497592626378,2,1.607047
32144,28,11215,11215,148.28627281452515,2,1.291622
32144,7,0,0,46.893136407262574,1,0.000531
32156,21,356015,10,188.41352572234186,2,0.864516
3234,20,2171,100,106.58996923729052,1,0.126868
32360,23,90,90,116.79287961713362,2,0.117529
3245,32,1260710,1260710,252.5371186398496,2,1339.366632
32459,18,36838,10,135.01813640726257,1,0.178855
32498,32,23712,50,76.79287961713362,2,1.043149
32544,42,0,0,172.18744247492393,2,1e-06
32550,14,371631,371631,180.89313640726257,1,155.362428
32554,32,74334,74334,86.91112735304598,2,19.852318
3260,39,0,0,165.85268269106285,2,1e-06
32727,30,631,631,174.89313640726257,2,0.460229
32729,34,455,455,129.4831056445531,2,0.090448
3273,15,371813,371813,180.21353205733277,1,120.223761
32768,29,14737,14737,155.94636350345868,2,6.543324
32898,20,1285490,50,161.86327526720382,2,5.694112
330,31,2419,2419,102.89313640726257,2,0.285904
33104,37,10,10,142.75142645052773,2,0.025729
33104,18,11215,10,106.0,1,0.259556
33170,44,1076537,50,186.61792610675883,2,1.920052
33231,26,28688,10,121.14313640726257,2,0.287857
33353,28,2396485,10,130.45415243165877,2,3.006201
33373,49,1275850,20,226.89313640726257,1,1.290082
3339,31,12607100,5,79.01813640726257,2,19.351354
3339,9,1668164,10,10.0,1,2.054249
33391,33,0,0,48.125,2,0.000651
33426,33,278,278,64.25,2,0.065221
33426,18,4529,10,16.125,1,0.332812
33465,31,62575,62575,111.01813640726257,2,15.781982
33474,26,200056,100,138.89313640726257,1,2.165423
33531,33,27,27,107.3110160243962,2,0.052368
33531,8,4781,10,47.018136407262574,1,0.142617
3359,30,1034,100,112.125,2,0.155962
3377,29,0,0,99.97811233352635,1,0.000591
33789,35,0,0,109.875,1,0.000621
3379,51,24028,24028,179.3110160243962,2,10.839581
33944,24,230301,10,56.751426450527724,2,0.551531
34003,20,580978,50,160.0,2,1.900857
34051,27,0,0,90.89313640726257,1,0.000531
34298,34,43231,50,142.87124874078893,1,0.449168
34298,9,194389,10,28.0,1,0.496999
34497,21,42665,10,168.21353205733277,1,0.460711
34499,34,236834,236834,118.18308858013216,2,125.992964
3453,19,11215,10,64.125,2,0.211706
3468,20,1187999,10,195.35085864314553,2,12.402524
34957,27,2091969,2091969,111.5610160243962,2,1911.674927
34959,29,3610498,3610498,48.751426450527724,1,631.321327
34974,40,0,0,71.08497592626378,2,1e-06
34974,12,11215,10,12.0,1,0.265376
3562,22,33137,33137,92.66787961713362,2,16.184808
3584,18,329473,329473,116.33853205733277,2,218.859189
3608,38,1047676,1047676,141.7690417046614,2,259.964933
3609,19,0,0,229.08497592626378,2,1e-06
3672,23,686,10,69.91127281452515,1,0.048311
3691,24,44890,10,159.55666212960443,1,0.295692
3697,25,282,282,160.33853205733277,2,0.120405
3777,30,465758,100,123.75927530495187,1,2.132297
3812,37,955,100,97.41930606766135,1,0.161832
3855,25,0,0,130.53769926505288,1,0.000702
3860,29,553781,100,204.0,1,1.715998
3878,31,31572,31572,79.91127281452515,2,15.260729
3914,22,3630,10,80.50232714287742,1,0.06972
3922,22,1223,1223,180.0,1,0.105628
3966,30,193,193,97.07010553576953,2,0.082875
3973,14,1260710,20,218.21353205733277,1,1.446785
3989,23,27845,10,115.01813640726257,2,0.706961
4053,21,13758,10,131.01813640726257,2,0.217296
4143,27,199012,199012,224.46153675309944,1,222.991856
4212,26,36838,36838,127.78627281452515,1,8.684686
4230,23,10701,10,141.78627281452515,1,0.231794
4330,17,11215,10,105.73392137241207,2,0.277048
4431,29,87,50,176.66787961713362,2,0.108933
4442,28,109984,50,77.4453956500702,2,0.652489
4531,21,40037,50,120.89313640726257,2,0.37004
4532,28,11215,50,243.08497592626375,2,0.295292
4587,40,480,480,138.66787961713362,2,0.180066
4625,20,108461,10,176.0,2,0.931959
4635,35,158386,10,132.54287961713362,2,0.957211
4672,25,24610,24610,77.01813640726257,1,4.445586
468,32,215523,215523,160.60740642584418,2,90.562501
4698,28,1354,100,168.41787961713362,2,0.156412
4759,24,79825,79825,202.89313640726257,2,31.304063
4760,32,53105,10,138.89313640726257,2,0.32089
489,33,1260710,10,138.89313640726257,2,4.179673
4927,35,1094650128,1094650128,125.4360160243962,2,24514191.894966
5004,29,378,10,148.10389564152982,2,0.100248
5008,23,194389,10,215.30666212960443,2,2.34443
5016,20,371631,371631,131.78627281452515,2,202.400351
5020,28,571588,50,176.22889564152982,2,2.779504
5032,21,4532,10,28.125,2,0.117689
5054,27,218919,100,232.71319034116593,1,2262.20857
5090,20,3148,10,88.33853205733277,2,0.098654
5112,15,10,10,87.01813640726257,2,0.020107
5112,9,549021,10,66.89313640726257,1,0.854104
5114,14,184173,10,78.16127281452515,1,0.499565
5115,31,956,10,67.14313640726257,3,0.062647
5134,15,1260710,100,149.01813640726257,2,2.717163
5138,36,88227,100,106.89313640726257,3,0.990289
5140,28,3716310,50,163.00185985905955,2,5.539391
5140,7,1284,10,37.215587044534416,1,0.072656
5145,31,38940,38940,66.89313640726257,2,9.816829
5163,20,11215,10,190.67940922178772,2,0.200053
5166,13,1260710,10,140.89313640726257,2,2.393244
5168,18,1260710,50,164.10311233352633,2,1.854946
5180,26,9927,9927,119.5610160243962,2,1.749328
5191,15,1260710,10,138.89313640726257,2,2.961696
5223,18,11215,100,230.89313640726257,2,0.462044
5241,28,0,0,228.9970320487924,2,0.000881
5267,20,194389,100,103.3940417046614,2,1.881216
5277,29,11215,11215,105.26813640726257,2,3.822913
5292,18,575077,10,66.89313640726257,2,5.565462
5305,15,36838,100,59.018136407262574,2,0.778545
5314,25,0,0,119.5610160243962,2,0.000601
5315,28,76,76,112.66787961713362,3,0.13909
5315,11,1260710,10,52.0,2,6.746618
5339,29,112150,50,103.46558704453442,2,1.310282
5339,8,527,10,66.43117408906883,1,0.049253
5379,14,11215,50,169.01813640726257,2,0.306372
5390,19,194389,10,152.0,2,1.211724
5399,12,1260710,1260710,81.01813640726257,2,1823.799227
5407,17,11215,20,108.0,2,0.206135
5417,22,551030,10,104.0,2,1.50023
5448,25,718744,718744,151.66127281452515,2,438.610209
5474,24,9672,50,195.6860160243962,2,0.720645
5540,14,1260710,10,170.89313640726257,1,1.907356
555,15,12288,12288,170.89313640726257,1,3.826008
5569,15,32452,10,75.14313640726257,2,0.461553
5572,19,557987,10,68.41352572234187,3,1.278107
5589,27,15,15,173.39044958397352,2,0.049432
5589,15,4758,10,97.98827526720382,1,0.119603
5603,14,4957,4957,81.3110160243962,2,2.112506
5620,19,371631,100,85.01813640726257,2,1.628392
5621,21,11215,50,135.78627281452515,2,0.344573
5637,28,11215,10,62.71496923729051,2,0.206966
5638,15,1260710,100,244.125,2,4.586267
5669,19,371631,10,188.41352572234186,2,1.461838
5684,19,1260710,10,240.0,2,4.899724
5686,15,194389,50,234.0,2,0.864727
5698,18,371631,10,163.01813640726257,2,0.914569
5715,15,222518,10,76.89313640726257,1,0.37947
5719,32,0,0,167.3110160243962,2,0.000591
5737,24,11215,10,136.89313640726257,2,0.177612
5748,19,0,0,210.67940922178772,2,0.00048
5766,24,5853,50,140.375,2,0.172992
5798,18,1223,50,175.43166212960446,2,0.166892
5817,20,10,10,69.01813640726257,1,0.04323
5817,9,17386,10,40.893136407262574,1,0.431336
5840,18,1589663,100,89.97811233352635,1,26.397192
5843,20,371631,100,95.14313640726257,2,3.315202
5844,30,1921950,1921950,163.12685985905955,3,4285.637834
5844,15,1976,10,41.340587044534416,1,0.109094
5861,33,1865,50,181.01813640726257,1,0.751617
5869,34,145542,145542,72.25,1,26.241732
5961,19,11215,50,128.4135257223419,2,0.408333
5990,32,56075,100,230.67940922178772,3,0.714285
6006,20,0,0,77.01813640726257,2,0.000511
6030,17,11215,11215,185.01813640726257,2,5.034063
6055,15,1260710,100,83.01813640726257,3,4.170995
6080,19,1260710,10,105.78627281452515,3,4.088325
6113,21,21377,10,124.41352572234187,2,0.269573
6131,15,1260710,50,165.01813640726257,2,3.991352
6139,21,2171,2171,136.4135257223419,3,0.32608
6165,24,614,50,51.83640237679149,2,0.116369
6166,33,10,10,80.0,2,0.018593
6166,9,549021,10,8.0,1,0.76522
6203,15,194389,10,54.25,2,1.727108
6212,35,114824,114824,112.54287961713362,2,67.910841
6212,11,199012,10,36.0,1,0.454277
622,26,73745,10,130.45415243165877,4,0.884592
6238,43,170,170,112.6921264896393,2,0.266999
6238,18,3893,5,38.63403790950714,1,0.197469
6259,18,84228,10,79.01813640726257,3,0.423399
6263,15,1260710,10,158.89313640726257,2,2.598866
6270,19,339674,10,102.30196912850695,2,1.030495
6300,14,371631,10,110.89313640726257,2,0.747738
6314,38,9907,10,167.6860160243962,2,0.795365
6315,18,11215,10,128.0,3,0.213529
6337,14,11215,20,161.78627281452515,2,0.371603
637,14,45020,10,74.25123996264008,2,0.319037
6386,22,194389,10,123.6445628577903,2,0.519009
6397,17,549021,50,87.01813640726257,2,3.175521
6422,22,194389,100,234.87124874078893,1,0.638733
6425,12,371631,371631,89.14313640726257,2,131.498123
6440,29,460,460,161.5610160243962,2,3.578285
6446,23,93679,93679,168.2221433774422,2,37.031677
6448,16,371631,100,183.01813640726257,3,1.919383
6458,18,11220,10,70.89313640726257,2,0.226615
6460,33,52661,100,202.32915243165877,2,1.110925
6468,19,1260710,100,234.89313640726257,3,3.749563
6469,22,10883,10,60.25,2,0.333573
6537,14,549021,10,87.14313640726257,2,1.183672
6547,22,9,9,44.375,2,0.017243
6547,17,329474,10,36.375,1,0.480304
6563,19,10,10,136.0,1,0.038733
6563,14,48549,10,132.0,2,0.248116
6597,16,35529,20,104.21353205733277,2,0.255668
6598,14,194389,194389,59.143136407262574,2,58.926651
6599,42,0,0,178.11542524618392,2,1e-06
6599,1,3850116,1,8.25,1,5.498341
6599,39,0,0,56.667879617133615,1,1e-06
6605,25,0,0,71.01813640726257,2,0.000401
6607,31,0,0,121.64405403966805,2,1e-06
6632,28,0,0,121.16495217286959,2,0.000782
6652,35,11215,100,226.31244247492393,2,0.429733
6663,17,11215,10,141.01813640726257,2,0.167362
6683,22,17730,10,104.0,3,0.580934
6686,19,371631,10,173.3203956500702,2,1.988483
6690,32,382678715,382678715,80.0,2,2480913.426326
6696,22,371631,100,83.01813640726257,2,1.40614
6704,32,46534,100,174.32915243165877,2,0.9198
6707,39,10,10,42.893136407262574,1,0.046236
6707,14,11215,10,38.893136407262574,1,0.185407
6733,20,184355,10,187.91127281452515,2,0.891784
6757,22,10,10,101.73310564455309,2,1.280694
6757,11,371631,10,79.14313640726257,1,1.850347
6759,37,3630,10,127.5610160243962,2,0.175689
6767,17,1260710,10,224.0,2,2.598199
6780,37,0,0,162.20415243165877,2,1e-06
6780,16,371631,5,82.89313640726257,2,1.051856
6780,33,9907,10,79.3110160243962,1,0.338312
6788,27,17,10,85.6860160243962,2,0.046668
6815,20,1260710,10,210.89313640726257,2,1.611591
6878,32,138,138,108.66787961713362,1,0.050524
6878,16,539,10,32.0,1,0.128631
6881,22,1260710,10,202.89313640726257,2,4.852617
6889,14,33357,50,161.01813640726257,2,0.300173
6890,23,11215,50,245.91127281452515,2,0.264505
6892,22,620303,100,193.87863885140086,2,3.71313
690,22,110,10,77.41930606766134,2,0.074671
6903,15,1260710,10,119.14313640726257,2,1.84636
6930,16,10,10,75.14313640726257,2,0.022703
6930,9,549021,10,58.893136407262574,1,0.835592
6931,17,194389,10,165.01813640726257,2,0.628235
6949,21,1260710,50,228.89313640726257,1,1.788556
6963,25,11215,100,119.91127281452515,2,0.266466
6970,19,549021,10,224.0,2,1.21963
6987,22,10,10,156.125,1,0.022782
6987,17,1260710,10,152.0,2,2.074406
6991,28,11215,11215,107.39313640726257,2,3.455365
7000,17,1260710,10,144.4135257223419,2,3.346425
7009,30,10353,10,129.78627281452515,3,0.474727
705,22,128753,128753,94.89313640726257,2,75.331388
7061,15,11215,50,120.89313640726257,2,0.327423
7074,14,36664,100,87.14313640726257,2,0.538105
7123,33,0,0,126.32915243165877,2,1e-06
7130,22,145542,10,146.17073516053102,2,2.371902
7139,14,11214,10,99.01813640726257,2,0.357879
7145,21,3632,10,71.01813640726257,2,0.130574
7174,18,1260710,10,136.0,3,2.582967
7201,29,0,0,97.01813640726257,2,1e-06
721,33,8641,50,83.14313640726257,2,0.261488
7217,35,3850116,10,159.22228883892134,2,5273.018449
7259,25,1565310,10,171.3110160243962,2,2.511409
7264,23,11215,100,78.375,3,0.511175
7274,18,1260710,100,234.89313640726257,2,2.926302
7281,17,10883,100,171.2690417046614,2,0.292005
7289,21,34097,50,50.893136407262574,1,0.300281
7320,23,11214,50,126.80440922178772,2,0.617885
7346,29,112150,112150,118.90128940046935,2,44.83672
7346,6,1852048,5,40.00815299320677,1,1.913545
7346,14,262,10,66.43117408906883,1,0.029716
7365,23,6529,10,104.0,2,0.148237
7385,20,11215,10,100.0,2,0.206225
7389,15,36838,20,182.89313640726257,2,0.388875
7429,43,43781,43781,131.78569218932188,2,17.730966
7447,23,1575,20,68.66787961713362,2,0.13394
7447,12,11215,10,40.0,1,0.149659
7459,23,0,0,62.0,2,0.001824
7466,31,32452,10,148.0,2,1.000058
7479,29,322,322,162.32915243165877,2,0.239898
7479,9,1260710,10,38.893136407262574,1,1.351239
7510,23,11215,11215,178.67940922178772,2,4.219413
7523,15,1260710,1260710,156.89313640726257,2,1390.416232
7535,20,11215,50,274.0,1,0.259905
7542,27,10,10,82.54287961713362,2,0.049964
7542,25,998869,10,74.54287961713362,1,2.89915
7546,19,4225,10,108.33853205733277,2,0.122269
7551,18,39573,10,106.20415243165877,2,0.382454
7560,27,367893,10,111.01813640726257,2,1.527158
7562,17,1260710,10,188.41352572234186,2,1.783732
7563,28,17386,10,61.20997592626377,2,0.384478
757,19,656461,10,135.9103648873607,2,2.207121
7580,16,1260710,10,179.2690417046614,2,2.788683
7593,13,1260710,100,162.89313640726257,2,3.355589
7609,32,11215,50,173.6445628577903,2,0.359952
761,25,8410,10,112.89313640726257,2,0.190345
7611,24,0,0,202.9970320487924,2,0.001643
7612,23,11215,50,93.14313640726257,2,0.220512
7629,24,11215,10,174.89313640726257,2,0.216805
7651,10,3850116,5,88.54287961713362,2,4.712591
7651,25,11215,10,54.893136407262574,1,0.312404
7653,20,10,10,56.0,1,0.042038
7653,15,11215,10,40.0,2,0.193191
7660,19,371631,10,192.41352572234186,2,1.591571
7669,17,11215,10,165.01813640726257,2,0.16643
7673,15,1260710,50,164.89313640726257,2,2.64521
7688,16,1076537,10,119.91127281452515,2,2.128832
7694,28,163697,50,175.5610160243962,2,1.050873
7698,34,7876,7876,144.66787961713362,2,1.15649
7725,19,5081,100,130.22811233352635,2,0.232865
7762,25,11215,100,132.125,2,0.794634
7798,17,11215,10,162.89313640726257,2,0.315069
7824,33,10,10,92.89313640726257,2,0.020839
7824,12,1260710,10,40.893136407262574,2,2.110065
7830,14,9345,50,134.0,2,0.246982
7836,17,35849,50,75.78627281452515,2,0.479536
7840,16,1260710,1260710,179.2690417046614,2,1576.74626
7861,24,1260710,100,168.4135257223419,3,3.797331
7873,23,10883,10,103.01813640726257,2,0.206475
7877,15,549021,100,87.14313640726257,2,3.197755
7894,12,4529,10,74.89313640726257,2,0.172412
7903,18,1260710,10,97.49850164860565,1,2.296095
7906,18,1260710,100,162.89313640726257,3,4.494447
7915,17,11215,10,144.0,2,0.433551
7925,23,114815,114815,88.79287961713362,1,18.796496
7928,22,1320414,10,127.01813640726257,2,3.935448
7939,23,1260710,1260710,87.14313640726257,2,1148.31983
7940,31,11215,100,170.87624205181567,2,0.330978
7944,26,1260710,50,235.4360160243962,3,4.798481
7946,16,1260710,100,183.3940417046614,2,2.54091
7998,40,371631,100,149.0899585078605,2,2.308322
8020,15,1260710,50,175.30666212960443,2,4.076488
8026,22,1260710,100,89.26813640726257,2,3.115142
8049,29,11215,11215,139.6445628577903,3,4.181141
8050,17,1260710,100,103.01813640726257,3,4.29058
8077,20,0,0,124.0,1,1e-06
8079,19,549021,10,144.4135257223419,2,1.486934
8084,27,549022,20,107.6445628577903,3,4.526904
8088,20,184355,10,124.0,2,0.802139
8107,35,1081,10,131.3110160243962,2,0.130804
8112,26,11215,50,172.89313640726257,2,0.25667
8118,48,1023908,100,119.14313640726257,2,45.884745
8124,26,8411,10,60.46353205733277,2,0.242443
8145,21,1129,10,133.78627281452515,2,0.083006
8205,24,67893,67893,115.4360160243962,2,56.045433
8209,18,36838,50,40.125,2,0.592498
8220,15,1260710,10,166.89313640726257,2,4.166694
8239,26,0,0,199.3110160243962,2,0.001433
8242,21,184355,100,193.14313640726257,2,0.827424
8261,14,11214,10,91.14313640726257,2,0.21468
8272,22,1061807,100,205.33575923426724,1,119.018366
8281,17,1260710,10,248.0,2,2.487147
8288,20,8,8,83.01813640726257,2,0.034454
8288,1,1260710,10,8.0,1,0.808766
8310,19,112375,10,188.41352572234186,2,0.405127
8342,19,371631,10,176.125,2,1.072299
8345,18,371631,10,246.89313640726257,2,1.033149
8377,31,3685416,100,192.67940922178772,2,15.618489
8387,13,1260710,100,179.30666212960443,2,2.700967
8397,25,11215,50,140.0,2,0.523367
84,20,54439,50,121.75409550603749,2,0.538225
8408,21,11215,50,48.125,2,0.276126
8411,18,1260710,100,243.01813640726257,2,7.135291
8433,19,1076537,10,206.412178111924,2,2.013139
8459,33,0,0,168.07915243165877,2,1e-06
8487,27,56070,100,151.78627281452515,3,0.711609
8507,13,1260710,50,186.89313640726257,2,2.551297
8546,12,1260710,10,80.89313640726257,2,2.940049
8617,23,0,0,143.4360160243962,2,1e-06
8617,11,371631,10,66.89313640726257,1,0.813068
8625,21,10,10,167.01813640726257,1,0.288188
8625,14,371631,10,79.01813640726257,1,1.96772
8626,20,36838,50,126.89313640726257,2,0.382443
8635,35,0,0,251.15099205184345,2,1e-06
8651,30,0,0,156.10389564152982,2,1e-06
871,17,85997,10,151.30666212960443,2,0.437047
8731,24,11215,100,32.25,2,0.43862
8735,24,261413,261413,287.9788956415298,2,108.041555
8739,17,11215,50,141.91127281452515,2,0.255227
8748,17,50,50,104.79287961713362,2,0.046155
8748,16,5889,50,104.79287961713362,1,0.61528
8761,22,39535,10,48.125,1,0.330548
8775,22,143098,50,68.0,1,1.021178
8785,17,11215,11215,182.89313640726257,2,3.611396
8878,15,371631,10,101.20997592626378,2,1.006201
8887,22,1260710,100,144.92031072403228,3,5.381814
8888,33,10,10,104.41787961713362,1,0.276415
8888,32,1880014,10,104.41787961713362,1,3.24441
8901,31,14,10,87.14313640726257,2,0.081271
8901,4,2429,20,34.893136407262574,1,0.148157
8930,25,1260710,10,122.89313640726257,3,3.910191
8933,15,1260710,10,75.01813640726257,2,4.343714
8936,21,10,10,79.01813640726257,2,0.030878
8936,9,549021,10,58.893136407262574,1,1.392283
8942,19,11214,100,48.125,2,0.396761
8954,18,62683,100,99.01813640726257,2,0.461341
8966,18,1260710,10,75.78627281452515,2,4.732149
9025,24,3,3,98.79287961713362,1,0.021801
9025,18,410722,10,92.79287961713362,2,1.967857
9066,31,66505,66505,176.60035539223725,2,28.764607
9100,31,10,10,52.25,1,0.068488
9100,7,1260710,10,20.0,2,3.58915
9100,17,1260710,10,16.0,2,3.02018
9110,17,36838,100,161.01813640726257,2,0.426698
9124,16,1260710,1260710,58.893136407262574,1,198.585082
9137,20,371631,50,160.0,2,1.653713
9141,28,11215,10,247.01813640726257,2,0.153787
9142,20,4225,10,71.01813640726257,2,0.191206
9149,19,571322,50,159.30666212960443,2,1.362555
9151,35,2291581,2291581,112.10872345179699,2,2776.864939
9175,18,15868,15868,117.79442580773193,2,2.717296
9175,13,61862,10,101.78627281452515,2,0.546253
9178,30,0,0,99.5610160243962,1,1e-06
9178,10,1260710,10,34.893136407262574,1,1.915442
919,42,10,10,124.41352572234187,2,0.030447
919,19,1260710,10,32.0,1,3.776172
9196,24,5,5,148.2288956415298,2,0.034775
9196,10,2530,5,93.33575923426723,1,0.148256
9214,22,6048,6048,53.875,2,0.676274
9245,25,1260710,100,253.08497592626375,3,3.669226
925,27,0,0,96.25,2,1e-06
9251,24,0,0,203.4360160243962,2,1e-06
9251,10,1260710,10,74.89313640726257,2,2.155419
9276,20,194389,10,131.01813640726257,2,0.471809
928,18,204591,10,44.25,1,0.72453
9318,14,62575,10,77.14313640726257,2,0.476471
9319,17,1,1,90.23372345179699,2,0.033052
9319,7,1936,10,45.340587044534416,1,0.131115
9329,39,5,5,34.125,2,0.076853
9329,17,333,5,18.125,2,1.082022
9329,9,6010,10,12.0,1,0.14924
9329,28,6010,10,12.0,1,0.149459
9354,21,1260710,10,188.75142645052773,2,2.341423
9388,24,371631,10,111.60810564455309,2,1.100852
9396,17,11215,11215,122.125,1,2.812143
9402,29,10,10,123.6860160243962,2,0.457825
9402,8,145542,10,56.792879617133615,2,1.215601
9412,14,339674,10,87.14313640726257,2,1.484125
9419,31,49535,10,162.32915243165877,2,0.545301
9419,8,371631,5,30.893136407262574,1,0.810956
9432,19,1260710,10,224.125,2,2.559543
9433,17,1260710,10,212.41352572234186,3,3.943251
9450,23,11215,100,95.26813640726257,2,0.28856
9469,19,1260710,10,160.0,2,2.713258
9491,15,1260710,10,162.89313640726257,3,5.401565
9497,22,1260710,50,159.14313640726257,2,2.902404
9528,20,11215,50,275.0849759262638,1,0.325908
954,36,4225,4225,100.21353205733277,2,0.614958
9540,25,230129,10,165.30711930370595,2,0.575575
9574,20,371631,100,93.01813640726257,2,2.201486
9575,19,11214,50,165.01813640726257,2,0.418221
9584,26,74334,74334,168.35389564152982,2,30.626595
9598,17,1260710,1260710,188.41352572234186,3,1121.054885
9611,32,309964,100,246.20415243165877,2,1.801593
9615,32,253072,10,153.94505393390335,2,1.580114
9632,43,4308,10,111.01813640726257,2,0.160941
9648,30,0,0,109.6860160243962,2,1e-06
9648,8,0,0,52.792879617133615,2,0.001813
9655,25,143650,20,128.64599195065998,2,0.633616
967,35,0,0,198.45415243165877,2,1e-06
9744,21,371631,371631,187.78627281452515,2,273.144879
9745,43,17386,20,38.876426450527724,2,0.256609
9745,26,0,0,28.0,1,0.001062
9769,18,83364,100,193.64494700206023,2,0.561881
981,33,1506,5,59.78627281452515,1,0.217797
9812,25,1260710,1260710,217.01813640726257,2,434.672105
9829,16,5,5,111.64494700206023,1,0.031519
9829,9,36838,5,95.64494700206023,1,0.282777
9834,23,19350,19350,123.3110160243962,2,13.295287
9834,6,1260710,10,30.893136407262574,1,1.787296
9841,31,3740476,3740476,214.6081056445531,3,6876.406067
9851,17,11215,100,91.14313640726257,2,0.458277
987,35,1245460129,1245460129,150.54287961713362,2,30804997.395364
9874,17,1260710,100,224.0,2,3.127097
9877,19,11214,10,28.125,2,0.318585
9903,19,1260710,10,200.0,2,2.513626
9933,25,62574,10,164.75142645052773,2,0.430105
9943,17,9122,9122,103.01813640726257,2,2.818025
9972,25,13486,50,139.14313640726257,2,0.376624
9976,41,0,0,175.4360160243962,1,1e-06
9976,24,0,0,78.89313640726257,1,0.001333
9998,17,11214,10,85.01813640726257,2,0.202657
