actual,pred,qerror
1.0843897879999382,1.0833287466485015,1.000979426932701
1.0843897879999382,1.0833287466485015,1.000979426932701
1.0843897879999382,1.0833287466485015,1.000979426932701
1.0843897879999382,1.0833287466485015,1.000979426932701
1.0843897879999382,1.0833287466485015,1.000979426932701
0.022325691000000026,0.022273835611153262,1.0023280852814052
0.022325691000000026,0.022273835611153262,1.0023280852814052
0.005495719000000001,0.005514537042006419,1.0034241273992388
0.005099578999999997,0.005120745172020825,1.0041505724336905
2.6169e-05,2.6291872158597648e-05,1.0046953325919084
2.6169e-05,2.6291872158597648e-05,1.0046953325919084
2.6169e-05,2.6291872158597648e-05,1.0046953325919084
2.6169e-05,2.6291872158597648e-05,1.0046953325919084
2.6169e-05,2.6291872158597648e-05,1.0046953325919084
0.005644080000000003,0.005617367948226812,1.0047552611862682
1.8904974940001755,1.9045031071320304,1.0074084272400805
1.8904974940001755,1.9045031071320304,1.0074084272400805
1.8904974940001755,1.9045031071320304,1.0074084272400805
1.8904974940001755,1.9045031071320304,1.0074084272400805
1.8904974940001755,1.9045031071320304,1.0074084272400805
1.8904974940001755,1.9045031071320304,1.0074084272400805
1.8904974940001755,1.9045031071320304,1.0074084272400805
1.8904974940001755,1.9045031071320304,1.0074084272400805
1.8904974940001755,1.9045031071320304,1.0074084272400805
1.8904974940001755,1.9045031071320304,1.0074084272400805
1.8904974940001755,1.9045031071320304,1.0074084272400805
1.8904974940001755,1.9045031071320304,1.0074084272400805
1.8904974940001755,1.9045031071320304,1.0074084272400805
1.8904974940001755,1.9045031071320304,1.0074084272400805
1.8904974940001755,1.9045031071320304,1.0074084272400805
1.8904974940001755,1.9045031071320304,1.0074084272400805
0.003984337999999995,0.004023275343193086,1.0097726004151983
9.397000000000002e-06,9.489852509710091e-06,1.0098810801011056
9.397000000000002e-06,9.489852509710091e-06,1.0098810801011056
0.02224591900000006,0.022511094015342653,1.0119201645633338
0.021378733000000056,0.02170769080620765,1.0153871516243547
0.00010154399999999999,0.0001032789728587747,1.017085921952796
0.08546047800000021,0.08381934798327757,1.0195793698735292
0.08546047800000021,0.08381934798327757,1.0195793698735292
0.08546047800000021,0.08381934798327757,1.0195793698735292
0.08546047800000021,0.08381934798327757,1.0195793698735292
9.306999999999999e-06,9.489852509710091e-06,1.0196467722907587
9.306999999999999e-06,9.489852509710091e-06,1.0196467722907587
9.306999999999999e-06,9.489852509710091e-06,1.0196467722907587
9.306999999999999e-06,9.489852509710091e-06,1.0196467722907587
0.006129563000000004,0.00600575250485686,1.020615317571448
0.02172286099999993,0.022273835611153262,1.0253638142394472
0.02172286099999993,0.022273835611153262,1.0253638142394472
0.02172286099999993,0.022273835611153262,1.0253638142394472
0.0027867020000000007,0.0027146762038009944,1.0265320026374263
0.0004853079999999999,0.00047187853434057386,1.0284595816128679
0.002510192999999999,0.0025837720366745347,1.0293121033619868
4.1437e-05,4.2749548449971534e-05,1.0316757595861556
4.1437e-05,4.2749548449971534e-05,1.0316757595861556
4.1437e-05,4.2749548449971534e-05,1.0316757595861556
4.1437e-05,4.2749548449971534e-05,1.0316757595861556
0.006336802000000002,0.006539352764674501,1.031964193401419
1.0881e-05,1.1232925467264877e-05,1.032343118028203
1.0881e-05,1.1232925467264877e-05,1.032343118028203
1.0881e-05,1.1232925467264877e-05,1.032343118028203
1.0881e-05,1.1232925467264877e-05,1.032343118028203
1.0881e-05,1.1232925467264877e-05,1.032343118028203
1.0881e-05,1.1232925467264877e-05,1.032343118028203
1.0881e-05,1.1232925467264877e-05,1.032343118028203
7.732599999999989e-05,7.985535814456449e-05,1.0327103192272276
7.732599999999989e-05,7.985535814456449e-05,1.0327103192272276
7.732599999999989e-05,7.985535814456449e-05,1.0327103192272276
0.08221241399999878,0.07957491813248783,1.0331448140872688
0.08221241399999878,0.07957491813248783,1.0331448140872688
0.08221241399999878,0.07957491813248783,1.0331448140872688
0.08221241399999878,0.07957491813248783,1.0331448140872688
0.08221241399999878,0.07957491813248783,1.0331448140872688
0.08221241399999878,0.07957491813248783,1.0331448140872688
0.0003254059999999999,0.00033690802448966753,1.0353466884128368
0.0003254059999999999,0.00033690802448966753,1.0353466884128368
0.0003254059999999999,0.00033690802448966753,1.0353466884128368
0.0003254059999999999,0.00033690802448966753,1.0353466884128368
0.0003254059999999999,0.00033690802448966753,1.0353466884128368
0.000667058,0.0006424484935165591,1.0383058046392735
0.005989783,0.005760056904457023,1.0398826086883308
1.0395282440000853,1.0833287466485015,1.04213498084465
1.0395282440000853,1.0833287466485015,1.04213498084465
1.0395282440000853,1.0833287466485015,1.04213498084465
1.0395282440000853,1.0833287466485015,1.04213498084465
1.0395282440000853,1.0833287466485015,1.04213498084465
0.0024779289999999994,0.0025837720366745347,1.0427143137170336
0.0004768580000000001,0.0004980571803763003,1.0444559604249066
0.0004768580000000001,0.0004980571803763003,1.0444559604249066
0.007819366999999971,0.007480461703225421,1.0453053982788818
0.0005026419999999998,0.0005261328083119867,1.0467346706243945
0.0005026419999999998,0.0005261328083119867,1.0467346706243945
0.0005026419999999998,0.0005261328083119867,1.0467346706243945
0.023576751999999906,0.022511094015342653,1.0473392356644657
0.7515239159999076,0.7891492308872997,1.0500653593137237
0.7515239159999076,0.7891492308872997,1.0500653593137237
0.7515239159999076,0.7891492308872997,1.0500653593137237
0.7515239159999076,0.7891492308872997,1.0500653593137237
0.7515239159999076,0.7891492308872997,1.0500653593137237
0.7515239159999076,0.7891492308872997,1.0500653593137237
0.7515239159999076,0.7891492308872997,1.0500653593137237
0.7515239159999076,0.7891492308872997,1.0500653593137237
0.7515239159999076,0.7891492308872997,1.0500653593137237
0.7515239159999076,0.7891492308872997,1.0500653593137237
0.7515239159999076,0.7891492308872997,1.0500653593137237
0.0839326329999998,0.07957491813248783,1.0547624172261996
0.0839326329999998,0.07957491813248783,1.0547624172261996
0.0839326329999998,0.07957491813248783,1.0547624172261996
0.0839326329999998,0.07957491813248783,1.0547624172261996
0.0839326329999998,0.07957491813248783,1.0547624172261996
0.016808871000000013,0.015926098464177207,1.0554293029023045
0.0005513229999999999,0.0005218954706812245,1.056385868381582
0.0005513229999999999,0.0005218954706812245,1.056385868381582
1.1873e-05,1.1232925467264877e-05,1.0569819976639598
1.1873e-05,1.1232925467264877e-05,1.0569819976639598
1.1873e-05,1.1232925467264877e-05,1.0569819976639598
1.1873e-05,1.1232925467264877e-05,1.0569819976639598
1.1873e-05,1.1232925467264877e-05,1.0569819976639598
1.1873e-05,1.1232925467264877e-05,1.0569819976639598
1.1873e-05,1.1232925467264877e-05,1.0569819976639598
1.1089999999999999e-05,1.0461550863096337e-05,1.060072272756475
1.1089999999999999e-05,1.0461550863096337e-05,1.060072272756475
1.1089999999999999e-05,1.0461550863096337e-05,1.060072272756475
0.0010347989999999992,0.0009754758722428849,1.0608145515897942
0.014344326000000053,0.015250217668419743,1.0631533101255288
0.26202600699999146,0.24589383286047967,1.0656062575943708
0.26202600699999146,0.24589383286047967,1.0656062575943708
0.26202600699999146,0.24589383286047967,1.0656062575943708
0.26202600699999146,0.24589383286047967,1.0656062575943708
0.26202600699999146,0.24589383286047967,1.0656062575943708
0.26202600699999146,0.24589383286047967,1.0656062575943708
0.26202600699999146,0.24589383286047967,1.0656062575943708
0.26202600699999146,0.24589383286047967,1.0656062575943708
0.26202600699999146,0.24589383286047967,1.0656062575943708
0.26202600699999146,0.24589383286047967,1.0656062575943708
0.26202600699999146,0.24589383286047967,1.0656062575943708
0.26202600699999146,0.24589383286047967,1.0656062575943708
0.024030064000000118,0.022511094015342653,1.0674765066336713
9.5179999999999e-06,1.0170138983620856e-05,1.06851638827705
0.013679244999999977,0.01463028605420142,1.0695243819524722
0.013679244999999977,0.01463028605420142,1.0695243819524722
0.0028826459999999987,0.0026874080163332334,1.0726491781226257
0.0004398929999999999,0.00047187853434057386,1.0727120784840267
0.0004398929999999999,0.00047187853434057386,1.0727120784840267
0.016918893000000032,0.018231388069137433,1.0775757059955045
0.0023976869999999964,0.0025837720366745347,1.0776102288057359
9.086e-05,8.408648192154544e-05,1.08055418568676
9.086e-05,8.408648192154544e-05,1.08055418568676
9.086e-05,8.408648192154544e-05,1.08055418568676
9.086e-05,8.408648192154544e-05,1.08055418568676
0.0004354759999999998,0.00047187853434057386,1.0835925156393786
0.0004354759999999998,0.00047187853434057386,1.0835925156393786
0.005085619999999999,0.005514537042006419,1.0843391842108574
1.0724959039999284,1.1631213166636007,1.0844995419802352
1.0724959039999284,1.1631213166636007,1.0844995419802352
1.0724959039999284,1.1631213166636007,1.0844995419802352
1.0724959039999284,1.1631213166636007,1.0844995419802352
0.023029527000000015,0.02119486698226596,1.086561525451853
0.006508321000000003,0.00708033334022108,1.0878893865593102
0.16934972600000003,0.18476292363281754,1.091014009865109
0.16934972600000003,0.18476292363281754,1.091014009865109
0.16934972600000003,0.18476292363281754,1.091014009865109
0.16934972600000003,0.18476292363281754,1.091014009865109
0.16934972600000003,0.18476292363281754,1.091014009865109
0.16934972600000003,0.18476292363281754,1.091014009865109
0.16934972600000003,0.18476292363281754,1.091014009865109
0.16934972600000003,0.18476292363281754,1.091014009865109
0.16934972600000003,0.18476292363281754,1.091014009865109
0.16934972600000003,0.18476292363281754,1.091014009865109
0.16934972600000003,0.18476292363281754,1.091014009865109
0.16934972600000003,0.18476292363281754,1.091014009865109
0.16934972600000003,0.18476292363281754,1.091014009865109
9.374499999999999e-05,8.589582989695325e-05,1.091380106723029
9.374499999999999e-05,8.589582989695325e-05,1.091380106723029
9.374499999999999e-05,8.589582989695325e-05,1.091380106723029
9.374499999999999e-05,8.589582989695325e-05,1.091380106723029
0.08710832300000007,0.07957491813248783,1.0946705952618077
0.08710832300000007,0.07957491813248783,1.0946705952618077
0.08710832300000007,0.07957491813248783,1.0946705952618077
0.08710832300000007,0.07957491813248783,1.0946705952618077
0.08710832300000007,0.07957491813248783,1.0946705952618077
0.7506520930000283,0.8225859761056643,1.0958285253267566
0.7506520930000283,0.8225859761056643,1.0958285253267566
0.7506520930000283,0.8225859761056643,1.0958285253267566
0.7506520930000283,0.8225859761056643,1.0958285253267566
0.7506520930000283,0.8225859761056643,1.0958285253267566
0.003617195,0.003299150917903362,1.0964017985266215
4.223034393999461,3.8391429591538655,1.0999940452673853
4.223034393999461,3.8391429591538655,1.0999940452673853
4.223034393999461,3.8391429591538655,1.0999940452673853
4.223034393999461,3.8391429591538655,1.0999940452673853
4.223034393999461,3.8391429591538655,1.0999940452673853
4.223034393999461,3.8391429591538655,1.0999940452673853
4.223034393999461,3.8391429591538655,1.0999940452673853
4.223034393999461,3.8391429591538655,1.0999940452673853
4.223034393999461,3.8391429591538655,1.0999940452673853
4.223034393999461,3.8391429591538655,1.0999940452673853
4.223034393999461,3.8391429591538655,1.0999940452673853
4.223034393999461,3.8391429591538655,1.0999940452673853
4.223034393999461,3.8391429591538655,1.0999940452673853
4.223034393999461,3.8391429591538655,1.0999940452673853
4.223034393999461,3.8391429591538655,1.0999940452673853
4.223034393999461,3.8391429591538655,1.0999940452673853
4.223034393999461,3.8391429591538655,1.0999940452673853
4.223034393999461,3.8391429591538655,1.0999940452673853
4.223034393999461,3.8391429591538655,1.0999940452673853
4.223034393999461,3.8391429591538655,1.0999940452673853
4.223034393999461,3.8391429591538655,1.0999940452673853
4.223034393999461,3.8391429591538655,1.0999940452673853
4.223034393999461,3.8391429591538655,1.0999940452673853
4.223034393999461,3.8391429591538655,1.0999940452673853
4.223034393999461,3.8391429591538655,1.0999940452673853
4.223034393999461,3.8391429591538655,1.0999940452673853
4.223034393999461,3.8391429591538655,1.0999940452673853
4.223034393999461,3.8391429591538655,1.0999940452673853
0.012151467000000044,0.011005531865135173,1.1041235579440847
0.0043163619999999955,0.004778932027398943,1.1071666434369842
0.426003814,0.38304889742831905,1.1121395123705302
0.426003814,0.38304889742831905,1.1121395123705302
0.426003814,0.38304889742831905,1.1121395123705302
0.426003814,0.38304889742831905,1.1121395123705302
0.426003814,0.38304889742831905,1.1121395123705302
0.09578461999999806,0.08594418805371908,1.1144979337070269
0.09578461999999806,0.08594418805371908,1.1144979337070269
0.0011968940000000004,0.0010732315690078346,1.1152243696171624
0.0026274379999999993,0.0029314394552251853,1.1157026179971463
0.001126613,0.0010075405590328904,1.1181812879884496
0.002945206,0.003299150917903362,1.1201766253034124
0.006460992000000015,0.005760056904457023,1.1216889185592285
0.0037082869999999967,0.003299150917903362,1.1240125390676714
0.0068767470000000025,0.006117741563911634,1.1240662797143504
0.0068767470000000025,0.006117741563911634,1.1240662797143504
0.0022980949999999996,0.0025837720366745347,1.1243103686638434
6.622914038063123,7.500194269732007,1.1324613646843353
6.622914038063123,7.500194269732007,1.1324613646843353
6.622914038063123,7.500194269732007,1.1324613646843353
6.622914038063123,7.500194269732007,1.1324613646843353
6.622914038063123,7.500194269732007,1.1324613646843353
6.622914038063123,7.500194269732007,1.1324613646843353
6.622914038063123,7.500194269732007,1.1324613646843353
6.622914038063123,7.500194269732007,1.1324613646843353
6.622914038063123,7.500194269732007,1.1324613646843353
6.622914038063123,7.500194269732007,1.1324613646843353
6.622914038063123,7.500194269732007,1.1324613646843353
6.622914038063123,7.500194269732007,1.1324613646843353
6.622914038063123,7.500194269732007,1.1324613646843353
6.622914038063123,7.500194269732007,1.1324613646843353
6.622914038063123,7.500194269732007,1.1324613646843353
6.622914038063123,7.500194269732007,1.1324613646843353
6.622914038063123,7.500194269732007,1.1324613646843353
6.622914038063123,7.500194269732007,1.1324613646843353
6.622914038063123,7.500194269732007,1.1324613646843353
0.008062076000000001,0.009149272360973204,1.1348531520880234
0.000587509,0.0005172242070485865,1.1358884444958142
0.000587509,0.0005172242070485865,1.1358884444958142
5.5133e-05,4.852095979893133e-05,1.1362718344498681
5.5133e-05,4.852095979893133e-05,1.1362718344498681
5.5133e-05,4.852095979893133e-05,1.1362718344498681
0.3961246810000036,0.45136365664104694,1.1394484572422865
0.3961246810000036,0.45136365664104694,1.1394484572422865
0.3961246810000036,0.45136365664104694,1.1394484572422865
0.3961246810000036,0.45136365664104694,1.1394484572422865
0.3961246810000036,0.45136365664104694,1.1394484572422865
0.3961246810000036,0.45136365664104694,1.1394484572422865
0.3961246810000036,0.45136365664104694,1.1394484572422865
0.3961246810000036,0.45136365664104694,1.1394484572422865
0.3961246810000036,0.45136365664104694,1.1394484572422865
0.3961246810000036,0.45136365664104694,1.1394484572422865
2.16e-05,1.8910001426811804e-05,1.1422526901227064
2.16e-05,1.8910001426811804e-05,1.1422526901227064
2.16e-05,1.8910001426811804e-05,1.1422526901227064
0.0021943210000000004,0.002509180711619815,1.1434884465945567
0.005980895999999997,0.005230236796166306,1.143522986260185
0.0028828490000000007,0.003299150917903362,1.1444064249994923
0.003777877999999998,0.003299150917903362,1.1451061482209703
7.313e-06,8.384874623547797e-06,1.1465711231434155
7.313e-06,8.384874623547797e-06,1.1465711231434155
7.313e-06,8.384874623547797e-06,1.1465711231434155
7.313e-06,8.384874623547797e-06,1.1465711231434155
7.313e-06,8.384874623547797e-06,1.1465711231434155
7.313e-06,8.384874623547797e-06,1.1465711231434155
7.313e-06,8.384874623547797e-06,1.1465711231434155
0.00015083299999999998,0.00017296652154252912,1.1467419035789856
0.00015083299999999998,0.00017296652154252912,1.1467419035789856
0.00015083299999999998,0.00017296652154252912,1.1467419035789856
0.00015083299999999998,0.00017296652154252912,1.1467419035789856
0.00015083299999999998,0.00017296652154252912,1.1467419035789856
0.00015083299999999998,0.00017296652154252912,1.1467419035789856
0.00015083299999999998,0.00017296652154252912,1.1467419035789856
0.00015083299999999998,0.00017296652154252912,1.1467419035789856
0.000463895,0.0005320604504279175,1.1469415501954483
0.000463895,0.0005320604504279175,1.1469415501954483
0.0032286209999999975,0.002811289359401339,1.1484484829720727
5.6575e-05,6.523780801375139e-05,1.1531207779717436
0.002442668999999998,0.002817545386412933,1.1534699897583076
2.893363913000961,3.349776796916788,1.1577447212447056
2.893363913000961,3.349776796916788,1.1577447212447056
2.893363913000961,3.349776796916788,1.1577447212447056
2.893363913000961,3.349776796916788,1.1577447212447056
2.893363913000961,3.349776796916788,1.1577447212447056
2.893363913000961,3.349776796916788,1.1577447212447056
2.893363913000961,3.349776796916788,1.1577447212447056
2.893363913000961,3.349776796916788,1.1577447212447056
2.893363913000961,3.349776796916788,1.1577447212447056
2.893363913000961,3.349776796916788,1.1577447212447056
2.893363913000961,3.349776796916788,1.1577447212447056
2.893363913000961,3.349776796916788,1.1577447212447056
2.893363913000961,3.349776796916788,1.1577447212447056
2.893363913000961,3.349776796916788,1.1577447212447056
2.893363913000961,3.349776796916788,1.1577447212447056
2.893363913000961,3.349776796916788,1.1577447212447056
2.893363913000961,3.349776796916788,1.1577447212447056
2.893363913000961,3.349776796916788,1.1577447212447056
2.893363913000961,3.349776796916788,1.1577447212447056
2.893363913000961,3.349776796916788,1.1577447212447056
2.893363913000961,3.349776796916788,1.1577447212447056
0.7317454680000508,0.8472740436903853,1.1578808216005603
0.7317454680000508,0.8472740436903853,1.1578808216005603
0.7317454680000508,0.8472740436903853,1.1578808216005603
0.7317454680000508,0.8472740436903853,1.1578808216005603
0.7317454680000508,0.8472740436903853,1.1578808216005603
0.7317454680000508,0.8472740436903853,1.1578808216005603
0.7317454680000508,0.8472740436903853,1.1578808216005603
0.7317454680000508,0.8472740436903853,1.1578808216005603
0.7317454680000508,0.8472740436903853,1.1578808216005603
0.7317454680000508,0.8472740436903853,1.1578808216005603
0.002229346999999999,0.0025837720366745347,1.158981547814017
0.0022252229999999997,0.0025837720366745347,1.1611294853030618
0.004746154000000002,0.005514537042006419,1.1618959355314675
0.06848428100000041,0.07957491813248783,1.161944273496678
0.0055693750000000075,0.006484789491526851,1.1643657486750025
0.0008080180000000003,0.0009441998331755911,1.1685381181800292
0.000281784,0.00032949838322576753,1.1693296398154882
0.000281784,0.00032949838322576753,1.1693296398154882
0.000281784,0.00032949838322576753,1.1693296398154882
0.000281784,0.00032949838322576753,1.1693296398154882
0.0042030560000000045,0.0035762085689703777,1.1752826824667282
0.004909709000000001,0.0041747720302252106,1.176042419670792
0.008531062999999983,0.007253470007429766,1.1761354208760182
0.9966468830000308,0.8472740436903853,1.176298141577709
0.9966468830000308,0.8472740436903853,1.176298141577709
0.9966468830000308,0.8472740436903853,1.176298141577709
0.9966468830000308,0.8472740436903853,1.176298141577709
0.9966468830000308,0.8472740436903853,1.176298141577709
0.9966468830000308,0.8472740436903853,1.176298141577709
0.9966468830000308,0.8472740436903853,1.176298141577709
8.346e-06,9.831933200641565e-06,1.1780413612079517
8.346e-06,9.831933200641565e-06,1.1780413612079517
8.346e-06,9.831933200641565e-06,1.1780413612079517
7.8589e-05,6.667679928857223e-05,1.1786558568876808
7.8589e-05,6.667679928857223e-05,1.1786558568876808
0.02545915600000001,0.021596017093859977,1.1788820081661433
0.09388622099999899,0.07957491813248783,1.1798469065803328
0.09388622099999899,0.07957491813248783,1.1798469065803328
0.09388622099999899,0.07957491813248783,1.1798469065803328
0.09388622099999899,0.07957491813248783,1.1798469065803328
0.09388622099999899,0.07957491813248783,1.1798469065803328
0.016948181000000007,0.01999718686006632,1.1799016578868442
2.8694e-05,2.429531596043904e-05,1.181050703218822
2.8694e-05,2.429531596043904e-05,1.181050703218822
2.8694e-05,2.429531596043904e-05,1.181050703218822
2.8694e-05,2.429531596043904e-05,1.181050703218822
7.8187e-05,6.611229766111558e-05,1.182639278410471
7.8187e-05,6.611229766111558e-05,1.182639278410471
0.0004187670000000001,0.0004960055946674078,1.184442887494496
0.0004187670000000001,0.0004960055946674078,1.184442887494496
0.0004187670000000001,0.0004960055946674078,1.184442887494496
0.07133888300000005,0.08456496258665686,1.1853979068701819
0.07133888300000005,0.08456496258665686,1.1853979068701819
0.07133888300000005,0.08456496258665686,1.1853979068701819
0.07133888300000005,0.08456496258665686,1.1853979068701819
2.9013919199998566,3.4503128224445083,1.189192262741491
2.9013919199998566,3.4503128224445083,1.189192262741491
2.9013919199998566,3.4503128224445083,1.189192262741491
2.9013919199998566,3.4503128224445083,1.189192262741491
2.9013919199998566,3.4503128224445083,1.189192262741491
2.9013919199998566,3.4503128224445083,1.189192262741491
2.9013919199998566,3.4503128224445083,1.189192262741491
2.9013919199998566,3.4503128224445083,1.189192262741491
2.9013919199998566,3.4503128224445083,1.189192262741491
2.9013919199998566,3.4503128224445083,1.189192262741491
2.9013919199998566,3.4503128224445083,1.189192262741491
2.9013919199998566,3.4503128224445083,1.189192262741491
2.9013919199998566,3.4503128224445083,1.189192262741491
7.974999999999999e-06,9.489852509710091e-06,1.1899501579573784
0.002233119,0.0026573277947213136,1.1899624671687061
7.9739999999999e-06,9.489852509710091e-06,1.1900993867206182
7.9739999999999e-06,9.489852509710091e-06,1.1900993867206182
7.9739999999999e-06,9.489852509710091e-06,1.1900993867206182
7.9739999999999e-06,9.489852509710091e-06,1.1900993867206182
0.024813318999999952,0.020819511775703483,1.191830013466371
0.38890402899999943,0.3257398735870393,1.1939098051380632
0.38890402899999943,0.3257398735870393,1.1939098051380632
0.38890402899999943,0.3257398735870393,1.1939098051380632
0.38890402899999943,0.3257398735870393,1.1939098051380632
0.38890402899999943,0.3257398735870393,1.1939098051380632
0.38890402899999943,0.3257398735870393,1.1939098051380632
0.38890402899999943,0.3257398735870393,1.1939098051380632
0.38890402899999943,0.3257398735870393,1.1939098051380632
0.38890402899999943,0.3257398735870393,1.1939098051380632
0.38890402899999943,0.3257398735870393,1.1939098051380632
9.247058677989576,7.725897103731548,1.1968912546768606
9.247058677989576,7.725897103731548,1.1968912546768606
9.247058677989576,7.725897103731548,1.1968912546768606
9.247058677989576,7.725897103731548,1.1968912546768606
9.247058677989576,7.725897103731548,1.1968912546768606
9.247058677989576,7.725897103731548,1.1968912546768606
9.247058677989576,7.725897103731548,1.1968912546768606
9.247058677989576,7.725897103731548,1.1968912546768606
9.247058677989576,7.725897103731548,1.1968912546768606
9.247058677989576,7.725897103731548,1.1968912546768606
9.247058677989576,7.725897103731548,1.1968912546768606
9.247058677989576,7.725897103731548,1.1968912546768606
9.247058677989576,7.725897103731548,1.1968912546768606
9.247058677989576,7.725897103731548,1.1968912546768606
9.247058677989576,7.725897103731548,1.1968912546768606
9.247058677989576,7.725897103731548,1.1968912546768606
9.247058677989576,7.725897103731548,1.1968912546768606
9.247058677989576,7.725897103731548,1.1968912546768606
9.247058677989576,7.725897103731548,1.1968912546768606
9.247058677989576,7.725897103731548,1.1968912546768606
9.247058677989576,7.725897103731548,1.1968912546768606
9.247058677989576,7.725897103731548,1.1968912546768606
9.247058677989576,7.725897103731548,1.1968912546768606
9.247058677989576,7.725897103731548,1.1968912546768606
9.247058677989576,7.725897103731548,1.1968912546768606
0.004141500999999997,0.004958875943914137,1.197362005686861
0.000157946,0.00013158690412901387,1.2003170151730485
0.000157946,0.00013158690412901387,1.2003170151730485
0.000157946,0.00013158690412901387,1.2003170151730485
0.000157946,0.00013158690412901387,1.2003170151730485
0.13570594299999963,0.16298620532378108,1.2010248167523623
0.13570594299999963,0.16298620532378108,1.2010248167523623
0.13570594299999963,0.16298620532378108,1.2010248167523623
0.13570594299999963,0.16298620532378108,1.2010248167523623
0.13570594299999963,0.16298620532378108,1.2010248167523623
0.00033605099999999997,0.00040510940731206983,1.2054997822118365
0.00033605099999999997,0.00040510940731206983,1.2054997822118365
0.00033605099999999997,0.00040510940731206983,1.2054997822118365
0.0003371499999999999,0.00040681067335175783,1.2066162638343705
0.0003371499999999999,0.00040681067335175783,1.2066162638343705
0.002332887000000001,0.002817545386412933,1.2077504767324487
0.006666743000000002,0.005514537042006419,1.2089397440286958
1.0265117780001185,0.8472740436903853,1.21154635344315
1.0265117780001185,0.8472740436903853,1.21154635344315
1.0265117780001185,0.8472740436903853,1.21154635344315
1.0265117780001185,0.8472740436903853,1.21154635344315
1.0265117780001185,0.8472740436903853,1.21154635344315
1.0265117780001185,0.8472740436903853,1.21154635344315
1.0265117780001185,0.8472740436903853,1.21154635344315
1.0265117780001185,0.8472740436903853,1.21154635344315
1.0265117780001185,0.8472740436903853,1.21154635344315
1.0265117780001185,0.8472740436903853,1.21154635344315
1.0265117780001185,0.8472740436903853,1.21154635344315
1.0265117780001185,0.8472740436903853,1.21154635344315
11.410297701998282,9.408107306201387,1.2128154293560347
11.410297701998282,9.408107306201387,1.2128154293560347
11.410297701998282,9.408107306201387,1.2128154293560347
11.410297701998282,9.408107306201387,1.2128154293560347
11.410297701998282,9.408107306201387,1.2128154293560347
11.410297701998282,9.408107306201387,1.2128154293560347
11.410297701998282,9.408107306201387,1.2128154293560347
11.410297701998282,9.408107306201387,1.2128154293560347
11.410297701998282,9.408107306201387,1.2128154293560347
11.410297701998282,9.408107306201387,1.2128154293560347
11.410297701998282,9.408107306201387,1.2128154293560347
11.410297701998282,9.408107306201387,1.2128154293560347
11.410297701998282,9.408107306201387,1.2128154293560347
11.410297701998282,9.408107306201387,1.2128154293560347
11.410297701998282,9.408107306201387,1.2128154293560347
11.410297701998282,9.408107306201387,1.2128154293560347
11.410297701998282,9.408107306201387,1.2128154293560347
11.410297701998282,9.408107306201387,1.2128154293560347
11.410297701998282,9.408107306201387,1.2128154293560347
11.410297701998282,9.408107306201387,1.2128154293560347
11.410297701998282,9.408107306201387,1.2128154293560347
11.410297701998282,9.408107306201387,1.2128154293560347
11.410297701998282,9.408107306201387,1.2128154293560347
11.410297701998282,9.408107306201387,1.2128154293560347
11.410297701998282,9.408107306201387,1.2128154293560347
11.410297701998282,9.408107306201387,1.2128154293560347
11.410297701998282,9.408107306201387,1.2128154293560347
20.313870528008458,16.732540134739022,1.2140338743807408
20.313870528008458,16.732540134739022,1.2140338743807408
20.313870528008458,16.732540134739022,1.2140338743807408
20.313870528008458,16.732540134739022,1.2140338743807408
20.313870528008458,16.732540134739022,1.2140338743807408
20.313870528008458,16.732540134739022,1.2140338743807408
20.313870528008458,16.732540134739022,1.2140338743807408
20.313870528008458,16.732540134739022,1.2140338743807408
20.313870528008458,16.732540134739022,1.2140338743807408
20.313870528008458,16.732540134739022,1.2140338743807408
20.313870528008458,16.732540134739022,1.2140338743807408
20.313870528008458,16.732540134739022,1.2140338743807408
20.313870528008458,16.732540134739022,1.2140338743807408
20.313870528008458,16.732540134739022,1.2140338743807408
20.313870528008458,16.732540134739022,1.2140338743807408
20.313870528008458,16.732540134739022,1.2140338743807408
20.313870528008458,16.732540134739022,1.2140338743807408
20.313870528008458,16.732540134739022,1.2140338743807408
20.313870528008458,16.732540134739022,1.2140338743807408
20.313870528008458,16.732540134739022,1.2140338743807408
20.313870528008458,16.732540134739022,1.2140338743807408
20.313870528008458,16.732540134739022,1.2140338743807408
20.313870528008458,16.732540134739022,1.2140338743807408
20.313870528008458,16.732540134739022,1.2140338743807408
20.313870528008458,16.732540134739022,1.2140338743807408
20.313870528008458,16.732540134739022,1.2140338743807408
20.313870528008458,16.732540134739022,1.2140338743807408
20.313870528008458,16.732540134739022,1.2140338743807408
20.313870528008458,16.732540134739022,1.2140338743807408
20.313870528008458,16.732540134739022,1.2140338743807408
20.313870528008458,16.732540134739022,1.2140338743807408
20.313870528008458,16.732540134739022,1.2140338743807408
20.313870528008458,16.732540134739022,1.2140338743807408
20.313870528008458,16.732540134739022,1.2140338743807408
20.313870528008458,16.732540134739022,1.2140338743807408
0.0010809420000000003,0.0008880350155111251,1.217229029395698
0.10109974199999977,0.12361044105402227,1.2226583234408506
0.10109974199999977,0.12361044105402227,1.2226583234408506
0.10109974199999977,0.12361044105402227,1.2226583234408506
0.10109974199999977,0.12361044105402227,1.2226583234408506
0.22597648100000028,0.18476292363281754,1.2230618381482592
0.22597648100000028,0.18476292363281754,1.2230618381482592
0.22597648100000028,0.18476292363281754,1.2230618381482592
0.22597648100000028,0.18476292363281754,1.2230618381482592
0.22597648100000028,0.18476292363281754,1.2230618381482592
0.22597648100000028,0.18476292363281754,1.2230618381482592
0.22597648100000028,0.18476292363281754,1.2230618381482592
0.22597648100000028,0.18476292363281754,1.2230618381482592
0.22597648100000028,0.18476292363281754,1.2230618381482592
0.22597648100000028,0.18476292363281754,1.2230618381482592
0.22597648100000028,0.18476292363281754,1.2230618381482592
0.22597648100000028,0.18476292363281754,1.2230618381482592
0.22597648100000028,0.18476292363281754,1.2230618381482592
0.22597648100000028,0.18476292363281754,1.2230618381482592
0.22597648100000028,0.18476292363281754,1.2230618381482592
0.22597648100000028,0.18476292363281754,1.2230618381482592
0.22597648100000028,0.18476292363281754,1.2230618381482592
0.0010890500000000003,0.0008880350155111251,1.2263593000025763
0.062245842000000814,0.07634029739311073,1.2264320786777971
0.062245842000000814,0.07634029739311073,1.2264320786777971
0.062245842000000814,0.07634029739311073,1.2264320786777971
1.1096847789999238,0.9044388596333768,1.22693177894827
1.1096847789999238,0.9044388596333768,1.22693177894827
1.1096847789999238,0.9044388596333768,1.22693177894827
1.1096847789999238,0.9044388596333768,1.22693177894827
1.1096847789999238,0.9044388596333768,1.22693177894827
0.09371322000000011,0.07634029739311073,1.2275721106695243
0.09371322000000011,0.07634029739311073,1.2275721106695243
0.09371322000000011,0.07634029739311073,1.2275721106695243
0.09371322000000011,0.07634029739311073,1.2275721106695243
0.01801071199999997,0.01463028605420142,1.2310567225599656
0.01801071199999997,0.01463028605420142,1.2310567225599656
0.0004338799999999998,0.0005354436417662429,1.2340823309814768
0.0004338799999999998,0.0005354436417662429,1.2340823309814768
0.0004338799999999998,0.0005354436417662429,1.2340823309814768
0.0004338799999999998,0.0005354436417662429,1.2340823309814768
0.004846265999999993,0.0059838067645889255,1.234725201750984
1.0068e-05,8.143428199219336e-06,1.2363343488391243
1.0068e-05,8.143428199219336e-06,1.2363343488391243
0.10506835499999866,0.08456496258665686,1.2424572989354925
0.10506835499999866,0.08456496258665686,1.2424572989354925
0.10506835499999866,0.08456496258665686,1.2424572989354925
4.1637301909987405,3.349776796916788,1.242987352121829
4.1637301909987405,3.349776796916788,1.242987352121829
4.1637301909987405,3.349776796916788,1.242987352121829
4.1637301909987405,3.349776796916788,1.242987352121829
4.1637301909987405,3.349776796916788,1.242987352121829
4.1637301909987405,3.349776796916788,1.242987352121829
4.1637301909987405,3.349776796916788,1.242987352121829
4.1637301909987405,3.349776796916788,1.242987352121829
4.1637301909987405,3.349776796916788,1.242987352121829
4.1637301909987405,3.349776796916788,1.242987352121829
4.1637301909987405,3.349776796916788,1.242987352121829
4.1637301909987405,3.349776796916788,1.242987352121829
4.1637301909987405,3.349776796916788,1.242987352121829
4.1637301909987405,3.349776796916788,1.242987352121829
4.1637301909987405,3.349776796916788,1.242987352121829
4.1637301909987405,3.349776796916788,1.242987352121829
4.1637301909987405,3.349776796916788,1.242987352121829
0.002098209000000003,0.0026098259652352095,1.2438350827945195
0.0003438159999999999,0.00042950948140279844,1.2492422732007777
0.0003438159999999999,0.00042950948140279844,1.2492422732007777
0.0003438159999999999,0.00042950948140279844,1.2492422732007777
0.0003438159999999999,0.00042950948140279844,1.2492422732007777
0.0003438159999999999,0.00042950948140279844,1.2492422732007777
0.0003438159999999999,0.00042950948140279844,1.2492422732007777
0.0002442389999999998,0.00030511378214551625,1.2492426768268643
0.0002442389999999998,0.00030511378214551625,1.2492426768268643
0.0002442389999999998,0.00030511378214551625,1.2492426768268643
0.0002442389999999998,0.00030511378214551625,1.2492426768268643
0.0002442389999999998,0.00030511378214551625,1.2492426768268643
1.0606090439999576,0.8472740436903853,1.2517898452080165
1.0606090439999576,0.8472740436903853,1.2517898452080165
1.0606090439999576,0.8472740436903853,1.2517898452080165
1.0606090439999576,0.8472740436903853,1.2517898452080165
1.0606090439999576,0.8472740436903853,1.2517898452080165
1.0606090439999576,0.8472740436903853,1.2517898452080165
1.0606090439999576,0.8472740436903853,1.2517898452080165
0.000708562,0.0008880350155111251,1.253291900371633
4.978508411999717,3.9718885687200123,1.25343607351102
4.978508411999717,3.9718885687200123,1.25343607351102
4.978508411999717,3.9718885687200123,1.25343607351102
4.978508411999717,3.9718885687200123,1.25343607351102
4.978508411999717,3.9718885687200123,1.25343607351102
4.978508411999717,3.9718885687200123,1.25343607351102
4.978508411999717,3.9718885687200123,1.25343607351102
4.978508411999717,3.9718885687200123,1.25343607351102
4.978508411999717,3.9718885687200123,1.25343607351102
4.978508411999717,3.9718885687200123,1.25343607351102
4.978508411999717,3.9718885687200123,1.25343607351102
4.978508411999717,3.9718885687200123,1.25343607351102
4.978508411999717,3.9718885687200123,1.25343607351102
4.978508411999717,3.9718885687200123,1.25343607351102
4.978508411999717,3.9718885687200123,1.25343607351102
4.978508411999717,3.9718885687200123,1.25343607351102
4.978508411999717,3.9718885687200123,1.25343607351102
4.978508411999717,3.9718885687200123,1.25343607351102
4.978508411999717,3.9718885687200123,1.25343607351102
4.978508411999717,3.9718885687200123,1.25343607351102
4.978508411999717,3.9718885687200123,1.25343607351102
4.978508411999717,3.9718885687200123,1.25343607351102
4.978508411999717,3.9718885687200123,1.25343607351102
0.0023358299999999992,0.0029314394552251853,1.2549883575539258
0.012351394999999944,0.01552234097096611,1.2567277599790292
0.012351394999999944,0.01552234097096611,1.2567277599790292
0.005061137000000003,0.00639052708493586,1.2626662911784161
0.006260314999999995,0.007908764210618023,1.2633172948354883
0.008609749000000002,0.00681360593682623,1.2636112331454281
0.0001448419999999999,0.00011461369744064356,1.2637407503148657
0.0001079019999999999,0.0001367688074387187,1.2675280109610463
0.0001079019999999999,0.0001367688074387187,1.2675280109610463
0.0001079019999999999,0.0001367688074387187,1.2675280109610463
0.0001079019999999999,0.0001367688074387187,1.2675280109610463
0.0001079019999999999,0.0001367688074387187,1.2675280109610463
0.0001079019999999999,0.0001367688074387187,1.2675280109610463
0.0001079019999999999,0.0001367688074387187,1.2675280109610463
0.0001079019999999999,0.0001367688074387187,1.2675280109610463
7.212999999999999e-06,9.148901312040257e-06,1.268390588110392
7.212999999999999e-06,9.148901312040257e-06,1.268390588110392
0.0025969759999999987,0.003299150917903362,1.2703817508915616
0.000254608,0.0002000229179691954,1.2728941392566377
0.000254608,0.0002000229179691954,1.2728941392566377
0.059913563999999586,0.07634029739311073,1.2741738647547534
6.7268e-05,8.595211706729854e-05,1.2777563933415377
6.7268e-05,8.595211706729854e-05,1.2777563933415377
6.7268e-05,8.595211706729854e-05,1.2777563933415377
6.7268e-05,8.595211706729854e-05,1.2777563933415377
6.7268e-05,8.595211706729854e-05,1.2777563933415377
6.7268e-05,8.595211706729854e-05,1.2777563933415377
0.05972473300000006,0.07634029739311073,1.2782024055781154
0.05972473300000006,0.07634029739311073,1.2782024055781154
0.05972473300000006,0.07634029739311073,1.2782024055781154
0.05972473300000006,0.07634029739311073,1.2782024055781154
0.05972473300000006,0.07634029739311073,1.2782024055781154
0.05972473300000006,0.07634029739311073,1.2782024055781154
0.05972473300000006,0.07634029739311073,1.2782024055781154
6.5842e-05,8.46470836841552e-05,1.2856092415806812
6.5842e-05,8.46470836841552e-05,1.2856092415806812
6.5842e-05,8.46470836841552e-05,1.2856092415806812
6.5842e-05,8.46470836841552e-05,1.2856092415806812
6.5842e-05,8.46470836841552e-05,1.2856092415806812
6.5842e-05,8.46470836841552e-05,1.2856092415806812
6.5842e-05,8.46470836841552e-05,1.2856092415806812
0.0070936460000000055,0.005514537042006419,1.2863538581688518
7.374e-06,9.489852509710091e-06,1.2869341618809453
7.374e-06,9.489852509710091e-06,1.2869341618809453
7.374e-06,9.489852509710091e-06,1.2869341618809453
7.374e-06,9.489852509710091e-06,1.2869341618809453
7.374e-06,9.489852509710091e-06,1.2869341618809453
0.0021676969999999992,0.0027907441539846826,1.2874235439661001
0.000463989,0.0005980556843127897,1.2889436695973175
0.000463989,0.0005980556843127897,1.2889436695973175
0.000463989,0.0005980556843127897,1.2889436695973175
9.2512e-05,7.150959304377412e-05,1.293700552083542
9.2512e-05,7.150959304377412e-05,1.293700552083542
9.2512e-05,7.150959304377412e-05,1.293700552083542
9.2512e-05,7.150959304377412e-05,1.293700552083542
9.2512e-05,7.150959304377412e-05,1.293700552083542
9.2512e-05,7.150959304377412e-05,1.293700552083542
9.2512e-05,7.150959304377412e-05,1.293700552083542
9.2512e-05,7.150959304377412e-05,1.293700552083542
9.2512e-05,7.150959304377412e-05,1.293700552083542
0.08000659699999861,0.10363586693566844,1.2953415195958182
0.08000659699999861,0.10363586693566844,1.2953415195958182
0.08000659699999861,0.10363586693566844,1.2953415195958182
0.08000659699999861,0.10363586693566844,1.2953415195958182
0.005419373999999999,0.007021256905173271,1.295584490971332
0.000181347,0.00023503238939298398,1.2960368210832491
0.000181347,0.00023503238939298398,1.2960368210832491
0.000181347,0.00023503238939298398,1.2960368210832491
0.000181347,0.00023503238939298398,1.2960368210832491
0.000181347,0.00023503238939298398,1.2960368210832491
0.000181347,0.00023503238939298398,1.2960368210832491
0.000181347,0.00023503238939298398,1.2960368210832491
0.007148101000000006,0.005514537042006419,1.2962286671664514
0.000432284,0.0005653324262554102,1.307780131245686
0.000432284,0.0005653324262554102,1.307780131245686
0.002575806000000001,0.0033699130384758596,1.308294583705395
0.11515960000000032,0.1511349011912098,1.3123951558637696
0.11515960000000032,0.1511349011912098,1.3123951558637696
0.11515960000000032,0.1511349011912098,1.3123951558637696
0.02786332799999997,0.02119486698226596,1.3146262264025343
0.02786332799999997,0.02119486698226596,1.3146262264025343
0.02786332799999997,0.02119486698226596,1.3146262264025343
0.02786332799999997,0.02119486698226596,1.3146262264025343
0.10481967499999933,0.07957491813248783,1.3172451503560503
0.10481967499999933,0.07957491813248783,1.3172451503560503
0.10481967499999933,0.07957491813248783,1.3172451503560503
6.182e-06,8.143428199219336e-06,1.317280523975952
6.182e-06,8.143428199219336e-06,1.317280523975952
6.182e-06,8.143428199219336e-06,1.317280523975952
6.182e-06,8.143428199219336e-06,1.317280523975952
6.182e-06,8.143428199219336e-06,1.317280523975952
6.182e-06,8.143428199219336e-06,1.317280523975952
0.006477765999999999,0.0049131445542281195,1.3184562205533743
0.006477765999999999,0.0049131445542281195,1.3184562205533743
0.00011050699999999999,0.00014579573905552907,1.3193348752163128
0.00011050699999999999,0.00014579573905552907,1.3193348752163128
0.00011050699999999999,0.00014579573905552907,1.3193348752163128
0.00011050699999999999,0.00014579573905552907,1.3193348752163128
0.00011050699999999999,0.00014579573905552907,1.3193348752163128
0.00011050699999999999,0.00014579573905552907,1.3193348752163128
0.00011050699999999999,0.00014579573905552907,1.3193348752163128
0.06024775800000006,0.07957491813248783,1.3207946780772781
0.06024775800000006,0.07957491813248783,1.3207946780772781
0.06024775800000006,0.07957491813248783,1.3207946780772781
0.06024775800000006,0.07957491813248783,1.3207946780772781
0.0025257410000000006,0.0019086038067889803,1.3233448403570394
0.05993571999999999,0.07957491813248783,1.3276710137541994
0.05993571999999999,0.07957491813248783,1.3276710137541994
0.05993571999999999,0.07957491813248783,1.3276710137541994
0.05993571999999999,0.07957491813248783,1.3276710137541994
0.05993571999999999,0.07957491813248783,1.3276710137541994
0.05993571999999999,0.07957491813248783,1.3276710137541994
0.05993571999999999,0.07957491813248783,1.3276710137541994
0.05993571999999999,0.07957491813248783,1.3276710137541994
0.0033715710000000003,0.0025389092028613564,1.3279604470298632
0.0005547390000000002,0.00041768514633775837,1.3281271906935712
0.0005547390000000002,0.00041768514633775837,1.3281271906935712
0.0034348120000000032,0.0025837720366745347,1.329378889176619
0.004328049999999992,0.005760056904457023,1.3308665344570958
0.003940138000000001,0.005265177960703217,1.3362927797714739
0.019859300000000007,0.014837908064465355,1.3384164340228093
0.002007191999999998,0.0026874080163332334,1.3388893620207913
0.0005599590000000002,0.00041768514633775837,1.34062464253204
6.2387e-05,8.36508795075599e-05,1.3408383077814272
6.2387e-05,8.36508795075599e-05,1.3408383077814272
0.010709682000000005,0.007968292829241282,1.3440372021342684
0.030261158000000024,0.022511094015342653,1.344277536195053
0.011342506999999957,0.015250217668419743,1.3445191321830174
7.6039999999999995e-06,1.026928408188043e-05,1.3505107945660746
7.6039999999999995e-06,1.026928408188043e-05,1.3505107945660746
7.6039999999999995e-06,1.026928408188043e-05,1.3505107945660746
7.6039999999999995e-06,1.026928408188043e-05,1.3505107945660746
5.32779999999999e-05,7.212932583733174e-05,1.3538294575121415
5.32779999999999e-05,7.212932583733174e-05,1.3538294575121415
5.32779999999999e-05,7.212932583733174e-05,1.3538294575121415
0.037683130000000044,0.02782113130742163,1.3544787084178567
0.037683130000000044,0.02782113130742163,1.3544787084178567
0.037683130000000044,0.02782113130742163,1.3544787084178567
0.037683130000000044,0.02782113130742163,1.3544787084178567
0.01118362799999996,0.015250217668419743,1.3636198976235439
0.01118362799999996,0.015250217668419743,1.3636198976235439
0.0057859639999999985,0.007908764210618023,1.3668879050436584
0.000649538,0.0008880350155111251,1.3671794652678135
0.000649538,0.0008880350155111251,1.3671794652678135
0.000649538,0.0008880350155111251,1.3671794652678135
0.01579007600000006,0.021596017093859977,1.3676955762505447
0.026474591000000013,0.01930097392107647,1.3716712487285434
6.11549999999999e-05,8.394443494686219e-05,1.372650395664497
6.11549999999999e-05,8.394443494686219e-05,1.372650395664497
6.11549999999999e-05,8.394443494686219e-05,1.372650395664497
0.004014854999999993,0.005514537042006419,1.3735333012042596
0.05792730800000016,0.07957491813248783,1.3737030233217054
0.01638295500000013,0.022511094015342653,1.3740557802510276
2.8120824599998717,2.0449388790873444,1.3751425476613284
2.8120824599998717,2.0449388790873444,1.3751425476613284
2.8120824599998717,2.0449388790873444,1.3751425476613284
2.8120824599998717,2.0449388790873444,1.3751425476613284
2.8120824599998717,2.0449388790873444,1.3751425476613284
2.8120824599998717,2.0449388790873444,1.3751425476613284
2.8120824599998717,2.0449388790873444,1.3751425476613284
2.8120824599998717,2.0449388790873444,1.3751425476613284
2.8120824599998717,2.0449388790873444,1.3751425476613284
2.8120824599998717,2.0449388790873444,1.3751425476613284
2.8120824599998717,2.0449388790873444,1.3751425476613284
2.8120824599998717,2.0449388790873444,1.3751425476613284
2.8120824599998717,2.0449388790873444,1.3751425476613284
2.8120824599998717,2.0449388790873444,1.3751425476613284
2.8120824599998717,2.0449388790873444,1.3751425476613284
2.8120824599998717,2.0449388790873444,1.3751425476613284
2.8120824599998717,2.0449388790873444,1.3751425476613284
0.0035611029999999995,0.0025837720366745347,1.378257427301267
1.3083e-05,9.489852509710091e-06,1.3786304883677982
1.3083e-05,9.489852509710091e-06,1.3786304883677982
1.3083e-05,9.489852509710091e-06,1.3786304883677982
1.3083e-05,9.489852509710091e-06,1.3786304883677982
1.3083e-05,9.489852509710091e-06,1.3786304883677982
0.003999377999999999,0.005514537042006419,1.3788486714700188
0.0001890459999999999,0.0001367688074387187,1.3822303750415077
0.0001890459999999999,0.0001367688074387187,1.3822303750415077
0.0001890459999999999,0.0001367688074387187,1.3822303750415077
0.004724447000000004,0.006535424404036615,1.383320503761945
0.03166351400000005,0.022876748701404524,1.384091525123763
0.03166351400000005,0.022876748701404524,1.384091525123763
0.03166351400000005,0.022876748701404524,1.384091525123763
0.003978419000000001,0.005514537042006419,1.3861126849651626
4.9061000000000003e-05,3.5062327297916624e-05,1.3992510988543299
4.9061000000000003e-05,3.5062327297916624e-05,1.3992510988543299
4.9061000000000003e-05,3.5062327297916624e-05,1.3992510988543299
4.9061000000000003e-05,3.5062327297916624e-05,1.3992510988543299
0.06235710199999999,0.08727209325937019,1.399553386226483
0.06235710199999999,0.08727209325937019,1.399553386226483
0.06235710199999999,0.08727209325937019,1.399553386226483
0.06235710199999999,0.08727209325937019,1.399553386226483
0.06235710199999999,0.08727209325937019,1.399553386226483
0.06235710199999999,0.08727209325937019,1.399553386226483
0.06235710199999999,0.08727209325937019,1.399553386226483
0.003937605999999992,0.005514537042006419,1.4004796422004717
0.001844282999999997,0.0025837720366745347,1.4009628872979576
1.3294999999999999e-05,9.489852509710091e-06,1.4009701400940058
1.3294999999999999e-05,9.489852509710091e-06,1.4009701400940058
1.3294999999999999e-05,9.489852509710091e-06,1.4009701400940058
0.0006951479999999998,0.0004960055946674078,1.401492256284176
0.0006951479999999998,0.0004960055946674078,1.401492256284176
0.003932192999999999,0.005514537042006419,1.402407522216336
0.0002768619999999999,0.00019721309481296164,1.403872294903023
0.0002768619999999999,0.00019721309481296164,1.403872294903023
0.0002768619999999999,0.00019721309481296164,1.403872294903023
0.0002768619999999999,0.00019721309481296164,1.403872294903023
0.0002768619999999999,0.00019721309481296164,1.403872294903023
0.0002768619999999999,0.00019721309481296164,1.403872294903023
0.0020857039999999986,0.0029314394552251853,1.4054916015049055
0.001837717999999998,0.0025837720366745347,1.4059676384921613
0.01801221000000001,0.02536491764079385,1.4082068575035398
0.0023421889999999967,0.003299150917903362,1.4085758740662546
0.0103842669999999,0.01463028605420142,1.4088896264128765
0.002080020000000001,0.0029314394552251853,1.409332340662678
0.0007103290000000003,0.0005030233919261908,1.4121192203010464
0.0007103290000000003,0.0005030233919261908,1.4121192203010464
0.0003823100000000002,0.000540521805319903,1.4138311980327554
0.0003823100000000002,0.000540521805319903,1.4138311980327554
0.0003823100000000002,0.000540521805319903,1.4138311980327554
0.056093997000000444,0.07957491813248783,1.4185995362834851
0.001984011999999997,0.002817545386412933,1.4201251738461953
0.001984011999999997,0.002817545386412933,1.4201251738461953
0.003877083,0.005514537042006419,1.4223417559042246
3.8732e-05,5.520886457046129e-05,1.425407016690625
3.8732e-05,5.520886457046129e-05,1.425407016690625
3.8732e-05,5.520886457046129e-05,1.425407016690625
3.8732e-05,5.520886457046129e-05,1.425407016690625
0.10422960800000038,0.14862766866679625,1.4259639992774003
0.10422960800000038,0.14862766866679625,1.4259639992774003
0.10422960800000038,0.14862766866679625,1.4259639992774003
0.0006226840000000003,0.0008880350155111251,1.4261407319139798
0.0006226840000000003,0.0008880350155111251,1.4261407319139798
0.015784354999999917,0.022511094015342653,1.4261649598822868
0.001266566999999999,0.0008880350155111251,1.4262579491541816
0.015770144000000062,0.022511094015342653,1.4274501244467117
0.004190740000000005,0.0029314394552251853,1.429584360860724
0.0038556270000000043,0.005514537042006419,1.4302568796220207
6.112e-06,8.761787894505445e-06,1.4335385953052102
6.112e-06,8.761787894505445e-06,1.4335385953052102
6.112e-06,8.761787894505445e-06,1.4335385953052102
6.112e-06,8.761787894505445e-06,1.4335385953052102
0.0018001890000000015,0.0025837720366745347,1.4352782050520987
0.0007696719999999996,0.0005354436417662429,1.4374472679535768
0.0007696719999999996,0.0005354436417662429,1.4374472679535768
0.0038353030000000017,0.005514537042006419,1.437836082835285
5.9e-06,8.495020620388307e-06,1.4398340034556452
5.9e-06,8.495020620388307e-06,1.4398340034556452
5.9e-06,8.495020620388307e-06,1.4398340034556452
5.9e-06,8.495020620388307e-06,1.4398340034556452
5.9e-06,8.495020620388307e-06,1.4398340034556452
5.9e-06,8.495020620388307e-06,1.4398340034556452
5.9e-06,8.495020620388307e-06,1.4398340034556452
5.9e-06,8.495020620388307e-06,1.4398340034556452
0.015607003999999945,0.022511094015342653,1.442371259425751
0.003815198000000002,0.005514537042006419,1.4454130668988652
5.1754e-05,7.485704288625892e-05,1.4464011068952916
5.1754e-05,7.485704288625892e-05,1.4464011068952916
5.1754e-05,7.485704288625892e-05,1.4464011068952916
5.1754e-05,7.485704288625892e-05,1.4464011068952916
5.1754e-05,7.485704288625892e-05,1.4464011068952916
0.002453918000000001,0.0035505206011139825,1.4468782579996482
0.003805905000000002,0.005514537042006419,1.4489423782271014
0.01551935500000004,0.022511094015342653,1.4505173710726118
0.01232259899999999,0.008491803757348128,1.4511167888609058
0.01232259899999999,0.008491803757348128,1.4511167888609058
0.01232259899999999,0.008491803757348128,1.4511167888609058
0.025709271999999984,0.017700130726751875,1.452490515289988
0.05468046200000069,0.07957491813248783,1.4552715032379724
0.05468046200000069,0.07957491813248783,1.4552715032379724
0.01538836099999983,0.022511094015342653,1.4628649545811216
0.003762460999999997,0.005514537042006419,1.465672877939844
0.004850681,0.003299150917903362,1.4702816332763122
0.001993479,0.0029314394552251853,1.4705143396169138
0.0031531849999999976,0.004641703377480152,1.4720682032548535
0.0034879300000000024,0.0023650280820436973,1.474794327594609
0.02584859299999991,0.017491637370222076,1.4777686303973343
5.94e-06,8.828391287771235e-06,1.4862611595574469
5.94e-06,8.828391287771235e-06,1.4862611595574469
5.94e-06,8.828391287771235e-06,1.4862611595574469
5.94e-06,8.828391287771235e-06,1.4862611595574469
5.94e-06,8.828391287771235e-06,1.4862611595574469
5.94e-06,8.828391287771235e-06,1.4862611595574469
5.94e-06,8.828391287771235e-06,1.4862611595574469
5.94e-06,8.828391287771235e-06,1.4862611595574469
0.0006758169999999999,0.0010075405590328904,1.49084820155884
0.0006758169999999999,0.0010075405590328904,1.49084820155884
0.017007219000000025,0.02536491764079385,1.4914206514771058
0.017007219000000025,0.02536491764079385,1.4914206514771058
0.0007988530000000002,0.0005354436417662429,1.4919460008244025
0.003103564999999994,0.004641703377480152,1.49560372587014
6.081e-06,9.10142232203099e-06,1.4966982933778967
6.081e-06,9.10142232203099e-06,1.4966982933778967
6.081e-06,9.10142232203099e-06,1.4966982933778967
6.081e-06,9.10142232203099e-06,1.4966982933778967
6.081e-06,9.10142232203099e-06,1.4966982933778967
6.081e-06,9.10142232203099e-06,1.4966982933778967
6.081e-06,9.10142232203099e-06,1.4966982933778967
6.081e-06,9.10142232203099e-06,1.4966982933778967
0.0018824110000000007,0.002817545386412933,1.496774820383504
0.0049389629999999985,0.003299150917903362,1.497040639516652
7.1734e-05,4.791653831059368e-05,1.4970614015357744
7.1734e-05,4.791653831059368e-05,1.4970614015357744
7.1734e-05,4.791653831059368e-05,1.4970614015357744
7.1734e-05,4.791653831059368e-05,1.4970614015357744
7.1734e-05,4.791653831059368e-05,1.4970614015357744
5.7128e-05,8.569692052047954e-05,1.5000861315025826
5.7128e-05,8.569692052047954e-05,1.5000861315025826
5.7128e-05,8.569692052047954e-05,1.5000861315025826
0.003142974999999999,0.004723708210500612,1.502941706663468
0.014838944000000008,0.009859359460701324,1.5050616684731841
0.7482857479999319,1.129230054090167,1.5090893513720507
0.7482857479999319,1.129230054090167,1.5090893513720507
0.7482857479999319,1.129230054090167,1.5090893513720507
0.7482857479999319,1.129230054090167,1.5090893513720507
0.7482857479999319,1.129230054090167,1.5090893513720507
0.003814381000000009,0.005760056904457023,1.5100895543620338
0.0037995090000000056,0.005748231863436702,1.5128880767058832
0.016714983999999957,0.02536491764079385,1.5174957774888636
6.20939999999999e-05,9.43006096673592e-05,1.5186750679189511
6.20939999999999e-05,9.43006096673592e-05,1.5186750679189511
6.20939999999999e-05,9.43006096673592e-05,1.5186750679189511
0.005943647999999997,0.009044354747809777,1.5216841151780491
0.7103828180000108,1.0833287466485015,1.5249928900286058
0.7103828180000108,1.0833287466485015,1.5249928900286058
0.7103828180000108,1.0833287466485015,1.5249928900286058
0.7103828180000108,1.0833287466485015,1.5249928900286058
0.7103828180000108,1.0833287466485015,1.5249928900286058
0.7103828180000108,1.0833287466485015,1.5249928900286058
0.7103828180000108,1.0833287466485015,1.5249928900286058
0.003772094000000003,0.005760056904457023,1.5270183893765685
0.0016894960000000013,0.0025837720366745347,1.5293152731196362
0.0016894350000000015,0.0025837720366745347,1.5293704917173685
0.001912938000000002,0.0029314394552251853,1.5324278440938401
0.001902640999999999,0.0029314394552251853,1.5407212686077862
0.0006538870000000009,0.0010075405590328904,1.540848126714385
0.001847034,0.002847203545844992,1.5415003437105066
0.003733362999999995,0.005760056904457023,1.5428601248946405
0.0037198019999999977,0.005760056904457023,1.5484848130241948
0.0018929269999999972,0.0029314394552251853,1.548627842080117
0.013795979000000026,0.02136840282539397,1.5488862968980983
0.19158893599999924,0.12361044105402227,1.549941367139592
0.19158893599999924,0.12361044105402227,1.549941367139592
0.19158893599999924,0.12361044105402227,1.549941367139592
0.19158893599999924,0.12361044105402227,1.549941367139592
0.19158893599999924,0.12361044105402227,1.549941367139592
0.19158893599999924,0.12361044105402227,1.549941367139592
0.19158893599999924,0.12361044105402227,1.549941367139592
0.19158893599999924,0.12361044105402227,1.549941367139592
0.19158893599999924,0.12361044105402227,1.549941367139592
0.19158893599999924,0.12361044105402227,1.549941367139592
0.19158893599999924,0.12361044105402227,1.549941367139592
0.19158893599999924,0.12361044105402227,1.549941367139592
0.001815920000000001,0.002817545386412933,1.5515801282066013
0.012061522999999998,0.007771525840739103,1.5520147841202956
0.0006800239999999999,0.0004379303995509338,1.552812959998474
0.2872065479999991,0.18476292363281754,1.5544598578163307
0.2872065479999991,0.18476292363281754,1.5544598578163307
0.2872065479999991,0.18476292363281754,1.5544598578163307
0.2872065479999991,0.18476292363281754,1.5544598578163307
0.2872065479999991,0.18476292363281754,1.5544598578163307
0.2872065479999991,0.18476292363281754,1.5544598578163307
0.2872065479999991,0.18476292363281754,1.5544598578163307
0.2872065479999991,0.18476292363281754,1.5544598578163307
0.2872065479999991,0.18476292363281754,1.5544598578163307
0.2872065479999991,0.18476292363281754,1.5544598578163307
0.2872065479999991,0.18476292363281754,1.5544598578163307
0.2872065479999991,0.18476292363281754,1.5544598578163307
0.2872065479999991,0.18476292363281754,1.5544598578163307
0.2872065479999991,0.18476292363281754,1.5544598578163307
0.016454603999999696,0.025644710484235028,1.5585127715158325
0.016454603999999696,0.025644710484235028,1.5585127715158325
0.0007630480000000004,0.0004893952484810216,1.5591651172918795
0.001723150000000001,0.0026874080163332334,1.5595902947121445
0.006859213999999999,0.010699098961503947,1.5598141363578901
0.0036701950000000093,0.005760056904457023,1.5694144056261337
0.006694207000000003,0.010507181655086585,1.5695931803552803
0.0003084670000000001,0.00019635900903239233,1.5709337784909776
0.0003084670000000001,0.00019635900903239233,1.5709337784909776
0.0003084670000000001,0.00019635900903239233,1.5709337784909776
0.031358471000000034,0.019917269430661386,1.5744362503690208
0.031358471000000034,0.019917269430661386,1.5744362503690208
0.031358471000000034,0.019917269430661386,1.5744362503690208
0.031358471000000034,0.019917269430661386,1.5744362503690208
6.241e-06,9.831933200641565e-06,1.575377856215601
6.241e-06,9.831933200641565e-06,1.575377856215601
6.241e-06,9.831933200641565e-06,1.575377856215601
6.241e-06,9.831933200641565e-06,1.575377856215601
6.241e-06,9.831933200641565e-06,1.575377856215601
6.241e-06,9.831933200641565e-06,1.575377856215601
0.009676242999999966,0.015250217668419743,1.5760474048057491
0.009676242999999966,0.015250217668419743,1.5760474048057491
0.002090367,0.003299150917903362,1.5782639689123308
0.002090367,0.003299150917903362,1.5782639689123308
0.0018573029999999998,0.0029314394552251853,1.578331298245459
0.1421604350000007,0.09001397651564709,1.5793151297486454
0.1421604350000007,0.09001397651564709,1.5793151297486454
0.1421604350000007,0.09001397651564709,1.5793151297486454
0.1421604350000007,0.09001397651564709,1.5793151297486454
3.7409999999999996e-05,5.9249159124021856e-05,1.5837786453895177
3.7409999999999996e-05,5.9249159124021856e-05,1.5837786453895177
3.7409999999999996e-05,5.9249159124021856e-05,1.5837786453895177
3.7409999999999996e-05,5.9249159124021856e-05,1.5837786453895177
0.0016302140000000014,0.0025837720366745347,1.5849281362290673
0.001626601,0.0025837720366745347,1.5884485726213955
0.0023962040000000033,0.0038132591494869864,1.5913750037505074
0.003447817000000005,0.005514537042006419,1.5994285781427526
0.44628896700000087,0.7142367934096419,1.600390881743757
0.44628896700000087,0.7142367934096419,1.600390881743757
0.44628896700000087,0.7142367934096419,1.600390881743757
0.44628896700000087,0.7142367934096419,1.600390881743757
0.44628896700000087,0.7142367934096419,1.600390881743757
0.2959604550000009,0.18476292363281754,1.6018389901004602
0.2959604550000009,0.18476292363281754,1.6018389901004602
0.2959604550000009,0.18476292363281754,1.6018389901004602
0.2959604550000009,0.18476292363281754,1.6018389901004602
0.2959604550000009,0.18476292363281754,1.6018389901004602
0.2959604550000009,0.18476292363281754,1.6018389901004602
0.2959604550000009,0.18476292363281754,1.6018389901004602
0.2959604550000009,0.18476292363281754,1.6018389901004602
0.2959604550000009,0.18476292363281754,1.6018389901004602
0.2959604550000009,0.18476292363281754,1.6018389901004602
0.2959604550000009,0.18476292363281754,1.6018389901004602
0.2959604550000009,0.18476292363281754,1.6018389901004602
0.0016757439999999977,0.0026874080163332334,1.6037103616860553
0.001900684999999999,0.003049209989347644,1.6042689816290683
0.7238591519999965,1.1631213166636007,1.6068337513588642
0.7238591519999965,1.1631213166636007,1.6068337513588642
0.7238591519999965,1.1631213166636007,1.6068337513588642
0.7238591519999965,1.1631213166636007,1.6068337513588642
0.7238591519999965,1.1631213166636007,1.6068337513588642
0.7238591519999965,1.1631213166636007,1.6068337513588642
0.7238591519999965,1.1631213166636007,1.6068337513588642
0.7238591519999965,1.1631213166636007,1.6068337513588642
0.0016005319999999996,0.0025837720366745347,1.614320761268463
0.0035589360000000065,0.005748231863436702,1.6151546033524322
0.002042335999999998,0.003299150917903362,1.615381072410889
0.0002476529999999999,0.0004003530178391964,1.6165886051822371
0.0002476529999999999,0.0004003530178391964,1.6165886051822371
0.0002476529999999999,0.0004003530178391964,1.6165886051822371
0.0002476529999999999,0.0004003530178391964,1.6165886051822371
0.0002476529999999999,0.0004003530178391964,1.6165886051822371
0.03640359699999992,0.022511094015342653,1.6171402853716792
0.03640359699999992,0.022511094015342653,1.6171402853716792
0.03640359699999992,0.022511094015342653,1.6171402853716792
7.2985e-05,0.00011807590209805891,1.6178105377551404
7.2985e-05,0.00011807590209805891,1.6178105377551404
7.2985e-05,0.00011807590209805891,1.6178105377551404
7.2985e-05,0.00011807590209805891,1.6178105377551404
1.604e-05,9.911143659554293e-06,1.6183803354053412
1.604e-05,9.911143659554293e-06,1.6183803354053412
1.604e-05,9.911143659554293e-06,1.6183803354053412
0.0018108069999999987,0.0029314394552251853,1.6188580313778262
0.0020376720000000017,0.003299150917903362,1.6190784963936096
0.0015662519999999984,0.0025389092028613564,1.6210093923974935
4.999e-06,8.143428199219336e-06,1.6290114421322937
4.999e-06,8.143428199219336e-06,1.6290114421322937
4.999e-06,8.143428199219336e-06,1.6290114421322937
4.999e-06,8.143428199219336e-06,1.6290114421322937
4.999e-06,8.143428199219336e-06,1.6290114421322937
4.999e-06,8.143428199219336e-06,1.6290114421322937
5.179e-06,8.47497558028869e-06,1.6364115814421105
5.179e-06,8.47497558028869e-06,1.6364115814421105
5.179e-06,8.47497558028869e-06,1.6364115814421105
5.179e-06,8.47497558028869e-06,1.6364115814421105
5.179e-06,8.47497558028869e-06,1.6364115814421105
5.179e-06,8.47497558028869e-06,1.6364115814421105
5.179e-06,8.47497558028869e-06,1.6364115814421105
5.179e-06,8.47497558028869e-06,1.6364115814421105
0.0016406820000000005,0.0026874080163332334,1.6379822636764667
0.0014663669999999999,0.0008935938689676648,1.6409770153123793
0.0014663669999999999,0.0008935938689676648,1.6409770153123793
0.0015742380000000004,0.0025837720366745347,1.6412842509674739
0.0016086480000000022,0.0026407464150981987,1.6415936955121289
0.0016086480000000022,0.0026407464150981987,1.6415936955121289
0.000146996,8.948792411942296e-05,1.6426350420625653
0.000146996,8.948792411942296e-05,1.6426350420625653
0.000146996,8.948792411942296e-05,1.6426350420625653
0.000146996,8.948792411942296e-05,1.6426350420625653
3.8842e-05,6.394271614331986e-05,1.6462261506441447
3.8842e-05,6.394271614331986e-05,1.6462261506441447
3.8842e-05,6.394271614331986e-05,1.6462261506441447
0.001630212000000002,0.0026874080163332334,1.6485021680206196
0.0016301329999999998,0.0026874080163332334,1.6485820582328152
0.013156424000000036,0.02170769080620765,1.6499689281986953
0.0016275489999999998,0.0026874080163332334,1.6511994516498327
0.004080305999999998,0.006737714926779024,1.6512768715824322
0.001675823000000001,0.0027686250439334366,1.6520987263770905
0.001558003000000002,0.0025837720366745347,1.6583870741420468
0.026016354999999998,0.01567950067636235,1.659259152252277
1.0558867989999978,0.6349850074430251,1.6628531171970051
1.0558867989999978,0.6349850074430251,1.6628531171970051
1.0558867989999978,0.6349850074430251,1.6628531171970051
1.0558867989999978,0.6349850074430251,1.6628531171970051
1.0558867989999978,0.6349850074430251,1.6628531171970051
1.0576920910000012,0.6349850074430251,1.6656961638498275
1.0576920910000012,0.6349850074430251,1.6656961638498275
1.0576920910000012,0.6349850074430251,1.6656961638498275
0.035329811,0.02119486698226596,1.6669041154898943
0.035329811,0.02119486698226596,1.6669041154898943
0.012760072000000006,0.00761573445148008,1.6754880414088165
7.36469999999999e-05,0.0001239281247654888,1.6827314726396048
7.36469999999999e-05,0.0001239281247654888,1.6827314726396048
7.36469999999999e-05,0.0001239281247654888,1.6827314726396048
7.36469999999999e-05,0.0001239281247654888,1.6827314726396048
0.001596951000000001,0.0026874080163332334,1.6828368662114441
0.009780152000000004,0.005797428079813785,1.686981169124593
1.4928e-05,8.828391287771235e-06,1.6909082882039586
1.4928e-05,8.828391287771235e-06,1.6909082882039586
1.4928e-05,8.828391287771235e-06,1.6909082882039586
1.4928e-05,8.828391287771235e-06,1.6909082882039586
0.01356587699999997,0.022942372768825818,1.691182425494929
0.10009575300000036,0.16975785556376255,1.6959546282024767
0.10009575300000036,0.16975785556376255,1.6959546282024767
0.10009575300000036,0.16975785556376255,1.6959546282024767
0.0024604820000000004,0.0041747720302252106,1.6967293523078852
0.00171015,0.002921455874918013,1.7083038768049663
0.011103567999999992,0.006497670847228533,1.7088535663107687
0.010117910999999995,0.0059040265562650225,1.7137306046266736
0.0005180849999999996,0.0008880350155111251,1.7140720451492046
0.050780397999999984,0.08710305037551663,1.7152888477856487
0.050780397999999984,0.08710305037551663,1.7152888477856487
0.050780397999999984,0.08710305037551663,1.7152888477856487
0.050780397999999984,0.08710305037551663,1.7152888477856487
0.050780397999999984,0.08710305037551663,1.7152888477856487
0.10089569700000038,0.1732290830503882,1.7169124967776133
0.10089569700000038,0.1732290830503882,1.7169124967776133
0.005035800999999996,0.0029314394552251853,1.717859460144695
0.001919278,0.003299150917903362,1.7189541681316423
0.003405275000000001,0.005863923667266799,1.7220117809183686
0.05352858300000002,0.030973454974457908,1.7282083333661704
0.05352858300000002,0.030973454974457908,1.7282083333661704
0.05352858300000002,0.030973454974457908,1.7282083333661704
0.05352858300000002,0.030973454974457908,1.7282083333661704
0.05352858300000002,0.030973454974457908,1.7282083333661704
0.05352858300000002,0.030973454974457908,1.7282083333661704
0.009035396000000022,0.01570794669668025,1.738490122256978
2.035155433000071,1.1631213166636007,1.7497361658179298
2.035155433000071,1.1631213166636007,1.7497361658179298
2.035155433000071,1.1631213166636007,1.7497361658179298
2.035155433000071,1.1631213166636007,1.7497361658179298
2.035155433000071,1.1631213166636007,1.7497361658179298
2.035155433000071,1.1631213166636007,1.7497361658179298
2.035155433000071,1.1631213166636007,1.7497361658179298
2.035155433000071,1.1631213166636007,1.7497361658179298
2.035155433000071,1.1631213166636007,1.7497361658179298
2.035155433000071,1.1631213166636007,1.7497361658179298
2.035155433000071,1.1631213166636007,1.7497361658179298
2.035155433000071,1.1631213166636007,1.7497361658179298
2.035155433000071,1.1631213166636007,1.7497361658179298
2.035155433000071,1.1631213166636007,1.7497361658179298
2.035155433000071,1.1631213166636007,1.7497361658179298
2.035155433000071,1.1631213166636007,1.7497361658179298
2.035155433000071,1.1631213166636007,1.7497361658179298
2.035155433000071,1.1631213166636007,1.7497361658179298
2.035155433000071,1.1631213166636007,1.7497361658179298
2.035155433000071,1.1631213166636007,1.7497361658179298
4.7357999999999996e-05,8.310161058023461e-05,1.754753380215267
4.7357999999999996e-05,8.310161058023461e-05,1.754753380215267
4.7357999999999996e-05,8.310161058023461e-05,1.754753380215267
4.7357999999999996e-05,8.310161058023461e-05,1.754753380215267
0.00010310199999999991,5.8716364391204254e-05,1.755932968074649
0.00010310199999999991,5.8716364391204254e-05,1.755932968074649
0.00010310199999999991,5.8716364391204254e-05,1.755932968074649
0.00010310199999999991,5.8716364391204254e-05,1.755932968074649
0.00010310199999999991,5.8716364391204254e-05,1.755932968074649
0.00010310199999999991,5.8716364391204254e-05,1.755932968074649
0.00010310199999999991,5.8716364391204254e-05,1.755932968074649
0.00010310199999999991,5.8716364391204254e-05,1.755932968074649
0.00010310199999999991,5.8716364391204254e-05,1.755932968074649
0.00010310199999999991,5.8716364391204254e-05,1.755932968074649
0.00010310199999999991,5.8716364391204254e-05,1.755932968074649
0.0018706479999999982,0.003299150917903362,1.763640683818316
0.001422301,0.002509180711619815,1.7641699693804722
1.5287e-05,2.6985347221282288e-05,1.7652480683772018
1.5287e-05,2.6985347221282288e-05,1.7652480683772018
1.5287e-05,2.6985347221282288e-05,1.7652480683772018
1.5287e-05,2.6985347221282288e-05,1.7652480683772018
2.4415e-05,1.382998681224704e-05,1.7653668316140028
2.4415e-05,1.382998681224704e-05,1.7653668316140028
0.035718945999999974,0.020217897534181913,1.7666993286325055
0.035718945999999974,0.020217897534181913,1.7666993286325055
0.035718945999999974,0.020217897534181913,1.7666993286325055
4.919e-06,8.69092129031997e-06,1.7668065237487232
4.919e-06,8.69092129031997e-06,1.7668065237487232
4.919e-06,8.69092129031997e-06,1.7668065237487232
4.919e-06,8.69092129031997e-06,1.7668065237487232
4.919e-06,8.69092129031997e-06,1.7668065237487232
4.919e-06,8.69092129031997e-06,1.7668065237487232
4.919e-06,8.69092129031997e-06,1.7668065237487232
0.010824950000000014,0.006117741563911634,1.7694356466209777
0.010824950000000014,0.006117741563911634,1.7694356466209777
0.01122294100000001,0.01989344902921856,1.7725700446272095
0.0002560649999999999,0.0004543035481379366,1.7741727613611264
0.0002560649999999999,0.0004543035481379366,1.7741727613611264
0.0002560649999999999,0.0004543035481379366,1.7741727613611264
0.4164096529999998,0.7402451242673602,1.7776848325544474
0.4164096529999998,0.7402451242673602,1.7776848325544474
0.4164096529999998,0.7402451242673602,1.7776848325544474
0.4164096529999998,0.7402451242673602,1.7776848325544474
0.4164096529999998,0.7402451242673602,1.7776848325544474
0.005968309000000007,0.010627211662561108,1.780606812174285
0.00820068500000001,0.01463028605420142,1.784032194164439
0.0018487909999999992,0.003299150917903362,1.7844910094777418
0.0035221890000000046,0.006287227394580938,1.785034078120433
0.0005638280000000003,0.0010075405590328904,1.7869643916813105
0.0005638280000000003,0.0010075405590328904,1.7869643916813105
0.005608280000000001,0.003137864774813482,1.787291805885218
0.005608280000000001,0.003137864774813482,1.787291805885218
0.014331046999999868,0.02562544509160143,1.788106974431224
4.2611e-05,7.67146914021358e-05,1.8003494731908616
4.2611e-05,7.67146914021358e-05,1.8003494731908616
4.2611e-05,7.67146914021358e-05,1.8003494731908616
0.0016279169999999976,0.0029314394552251853,1.800730292284674
0.0016279169999999976,0.0029314394552251853,1.800730292284674
0.013733680000000003,0.00761573445148008,1.8033296837616144
0.000173992,0.00031428707733936084,1.8063306205995724
0.000173992,0.00031428707733936084,1.8063306205995724
0.0005648210000000003,0.00031261642439348475,1.8067540792068881
0.012273118000000131,0.022273835611153262,1.814847344509604
8.5259e-05,4.691988174008368e-05,1.8171188169718508
8.5259e-05,4.691988174008368e-05,1.8171188169718508
8.5259e-05,4.691988174008368e-05,1.8171188169718508
8.5259e-05,4.691988174008368e-05,1.8171188169718508
8.5259e-05,4.691988174008368e-05,1.8171188169718508
8.5259e-05,4.691988174008368e-05,1.8171188169718508
0.0009669919999999996,0.0005313073302574305,1.8200238260056942
0.0009669919999999996,0.0005313073302574305,1.8200238260056942
0.01192652000000003,0.02170769080620765,1.8201194318382559
0.01192652000000003,0.02170769080620765,1.8201194318382559
0.0008627000000000006,0.00047187853434057386,1.8282247172052015
0.0008627000000000006,0.00047187853434057386,1.8282247172052015
0.0017950869999999982,0.003299150917903362,1.8378780069731246
0.0014359119999999973,0.0026407464150981987,1.839072599921307
0.0017919669999999996,0.003299150917903362,1.8410779427876534
0.0006705530000000002,0.0012350055873154525,1.841771772425822
0.0006705530000000002,0.0012350055873154525,1.841771772425822
1.0692348040000001,0.5783652983673737,1.8487188062946844
1.0692348040000001,0.5783652983673737,1.8487188062946844
1.0692348040000001,0.5783652983673737,1.8487188062946844
1.0692348040000001,0.5783652983673737,1.8487188062946844
1.0692348040000001,0.5783652983673737,1.8487188062946844
0.04571422299999972,0.08456496258665686,1.8498610943613187
0.04571422299999972,0.08456496258665686,1.8498610943613187
1.57e-05,8.47497558028869e-06,1.8525127124278034
1.57e-05,8.47497558028869e-06,1.8525127124278034
1.57e-05,8.47497558028869e-06,1.8525127124278034
0.0005437920000000001,0.0010075405590328904,1.8528050413262613
0.0022315439999999976,0.004143607728651262,1.8568344288310097
0.0022297500000000013,0.004143607728651262,1.8583283904703487
0.000477476,0.0008880350155111251,1.859852674293839
0.000477476,0.0008880350155111251,1.859852674293839
0.000477476,0.0008880350155111251,1.859852674293839
6.161e-06,1.148531441828153e-05,1.8641964645806737
6.161e-06,1.148531441828153e-05,1.8641964645806737
6.161e-06,1.148531441828153e-05,1.8641964645806737
6.161e-06,1.148531441828153e-05,1.8641964645806737
6.161e-06,1.148531441828153e-05,1.8641964645806737
6.161e-06,1.148531441828153e-05,1.8641964645806737
6.161e-06,1.148531441828153e-05,1.8641964645806737
6.161e-06,1.148531441828153e-05,1.8641964645806737
0.047703337,0.02536491764079385,1.8806817225095087
0.047703337,0.02536491764079385,1.8806817225095087
0.047703337,0.02536491764079385,1.8806817225095087
0.0005353000000000001,0.0010075405590328904,1.882197943270858
0.0005353000000000001,0.0010075405590328904,1.882197943270858
0.0013324169999999992,0.002509180711619815,1.8831797489973607
1.4870037469999988,0.7891492308872997,1.8843124833664844
1.4870037469999988,0.7891492308872997,1.8843124833664844
3.2e-05,6.0402029777009995e-05,1.8875634305315625
3.2e-05,6.0402029777009995e-05,1.8875634305315625
3.2e-05,6.0402029777009995e-05,1.8875634305315625
0.012388261999999992,0.006539352764674501,1.8944171458253825
0.012388261999999992,0.006539352764674501,1.8944171458253825
0.015583610000000003,0.029561338887102086,1.8969506351289644
0.0064189329999999895,0.012176892881053971,1.8970275715689806
0.0064189329999999895,0.012176892881053971,1.8970275715689806
0.021993849000000076,0.04195201221362708,1.9074429497823202
0.014997448000000016,0.007839052184049705,1.9131710885297661
0.005653479999999996,0.010825362563994585,1.9148139843060543
0.007947720999999996,0.004143607728651262,1.9180679061497374
4.799e-06,9.219978112683254e-06,1.9212290295234953
4.799e-06,9.219978112683254e-06,1.9212290295234953
4.799e-06,9.219978112683254e-06,1.9212290295234953
4.799e-06,9.219978112683254e-06,1.9212290295234953
4.799e-06,9.219978112683254e-06,1.9212290295234953
4.799e-06,9.219978112683254e-06,1.9212290295234953
0.0021626839999999985,0.0041747720302252106,1.9303661701040067
0.013137997000000207,0.02536491764079385,1.9306533287222893
0.013137997000000207,0.02536491764079385,1.9306533287222893
0.013137997000000207,0.02536491764079385,1.9306533287222893
0.013137997000000207,0.02536491764079385,1.9306533287222893
0.00761225,0.014749231998762654,1.9375653714424321
1.7463e-05,8.963192490105597e-06,1.9483013467888008
1.7463e-05,8.963192490105597e-06,1.9483013467888008
1.7463e-05,8.963192490105597e-06,1.9483013467888008
1.7463e-05,8.963192490105597e-06,1.9483013467888008
1.7463e-05,8.963192490105597e-06,1.9483013467888008
0.0014793909999999998,0.002890336479289277,1.9537339887083789
0.0012019040000000002,0.0006133140537066963,1.959687688120031
6.4058e-05,3.255024498398395e-05,1.9679728994826047
0.04173869900000001,0.02119486698226596,1.9692833663416411
0.04173869900000001,0.02119486698226596,1.9692833663416411
0.04173869900000001,0.02119486698226596,1.9692833663416411
0.04173869900000001,0.02119486698226596,1.9692833663416411
0.0074038729999999974,0.01463028605420142,1.9760314708533528
0.00763984699999998,0.015250217668419743,1.996141764150484
0.0002147699999999998,0.00010700456957299991,2.00711054543779
0.0002147699999999998,0.00010700456957299991,2.00711054543779
0.0040041889999999965,0.008111302899125906,2.0257043059470754
0.006336991000000002,0.003124350067210656,2.028258954239886
0.00024834200000000003,0.0005074451699376566,2.0433320579590104
0.00024834200000000003,0.0005074451699376566,2.0433320579590104
1.9337e-05,9.43403968577726e-06,2.0497051787001093
1.9337e-05,9.43403968577726e-06,2.0497051787001093
1.9337e-05,9.43403968577726e-06,2.0497051787001093
1.9337e-05,9.43403968577726e-06,2.0497051787001093
1.9337e-05,9.43403968577726e-06,2.0497051787001093
1.9337e-05,9.43403968577726e-06,2.0497051787001093
0.0001845459999999999,0.0003804817433989321,2.061717638956858
0.0001845459999999999,0.0003804817433989321,2.061717638956858
0.0001845459999999999,0.0003804817433989321,2.061717638956858
0.0001845459999999999,0.0003804817433989321,2.061717638956858
0.0001845459999999999,0.0003804817433989321,2.061717638956858
0.0001845459999999999,0.0003804817433989321,2.061717638956858
0.0001845459999999999,0.0003804817433989321,2.061717638956858
0.0001845459999999999,0.0003804817433989321,2.061717638956858
0.036850665999999976,0.07634029739311073,2.071612420603491
0.036850665999999976,0.07634029739311073,2.071612420603491
0.036850665999999976,0.07634029739311073,2.071612420603491
0.036850665999999976,0.07634029739311073,2.071612420603491
1.7803e-05,3.70856310484382e-05,2.083111332271988
1.7803e-05,3.70856310484382e-05,2.083111332271988
1.7803e-05,3.70856310484382e-05,2.083111332271988
0.005798813999999994,0.012124448137392465,2.0908496353551738
0.005798813999999994,0.012124448137392465,2.0908496353551738
2.5968999999999998e-05,1.232894480849501e-05,2.106344087298256
0.05910014699999998,0.027985223981247555,2.1118339820900496
0.05910014699999998,0.027985223981247555,2.1118339820900496
0.00023476900000000001,0.0004960055946674078,2.1127388823371387
0.00023476900000000001,0.0004960055946674078,2.1127388823371387
0.0015861049999999987,0.003355234380117905,2.1153923479958183
0.006639069999999999,0.0031283376257245283,2.1222357668195673
0.008209333000000024,0.017448142445154323,2.1254031777191003
0.00030511,0.0001430701714451992,2.132589881720157
0.00030511,0.0001430701714451992,2.132589881720157
0.0057923570000000335,0.012354954910049074,2.132975386366725
0.0057923570000000335,0.012354954910049074,2.132975386366725
0.03741137999999999,0.01738664682636938,2.1517305995575975
0.03741137999999999,0.01738664682636938,2.1517305995575975
0.03741137999999999,0.01738664682636938,2.1517305995575975
0.0010995289999999995,0.0005106328547474322,2.1532672443175347
0.0004651419999999996,0.0010075405590328904,2.1660924170100557
0.0004651419999999996,0.0010075405590328904,2.1660924170100557
0.0512676799999996,0.11118454471166411,2.1687063801534414
0.0512676799999996,0.11118454471166411,2.1687063801534414
0.0512676799999996,0.11118454471166411,2.1687063801534414
1.9586e-05,4.293887787263455e-05,2.1923250215784007
1.9586e-05,4.293887787263455e-05,2.1923250215784007
1.9586e-05,4.293887787263455e-05,2.1923250215784007
1.9586e-05,4.293887787263455e-05,2.1923250215784007
1.9586e-05,4.293887787263455e-05,2.1923250215784007
0.0013472870000000004,0.0006133140537066963,2.1967326394322444
0.0013472870000000004,0.0006133140537066963,2.1967326394322444
0.0013472870000000004,0.0006133140537066963,2.1967326394322444
0.0022338209999999917,0.0049131445542281195,2.1994352073098686
0.006233920999999995,0.002817545386412933,2.2125361422967207
0.011093916000000007,0.005002200271791049,2.2178072442564973
5.54069999999999e-05,0.0001229032143383858,2.218189296269172
0.0022635570000000002,0.0010075405590328904,2.2466162574861746
5.871e-06,1.3221805442482188e-05,2.252053388261316
5.871e-06,1.3221805442482188e-05,2.252053388261316
5.871e-06,1.3221805442482188e-05,2.252053388261316
5.871e-06,1.3221805442482188e-05,2.252053388261316
5.871e-06,1.3221805442482188e-05,2.252053388261316
5.871e-06,1.3221805442482188e-05,2.252053388261316
5.871e-06,1.3221805442482188e-05,2.252053388261316
5.871e-06,1.3221805442482188e-05,2.252053388261316
5.871e-06,1.3221805442482188e-05,2.252053388261316
5.871e-06,1.3221805442482188e-05,2.252053388261316
5.871e-06,1.3221805442482188e-05,2.252053388261316
5.871e-06,1.3221805442482188e-05,2.252053388261316
0.008317534999999997,0.0036825071816246097,2.2586609040448784
2.54269999999999e-05,1.1232925467264877e-05,2.263613345793094
2.54269999999999e-05,1.1232925467264877e-05,2.263613345793094
2.54269999999999e-05,1.1232925467264877e-05,2.263613345793094
2.54269999999999e-05,1.1232925467264877e-05,2.263613345793094
2.54269999999999e-05,1.1232925467264877e-05,2.263613345793094
0.007792269000000002,0.017700130726751875,2.271498933975697
0.007124087,0.0031283376257245283,2.2772756180209446
2.3272e-05,1.01362616912137e-05,2.295915467550784
2.3272e-05,1.01362616912137e-05,2.295915467550784
2.3272e-05,1.01362616912137e-05,2.295915467550784
2.3272e-05,1.01362616912137e-05,2.295915467550784
2.3272e-05,1.01362616912137e-05,2.295915467550784
2.3272e-05,1.01362616912137e-05,2.295915467550784
0.0008326149999999998,0.0019132150286494344,2.297838771400269
0.0008326149999999998,0.0019132150286494344,2.297838771400269
0.0008326149999999998,0.0019132150286494344,2.297838771400269
0.006392528000000011,0.002779027560698397,2.3002751359520546
0.0004378739999999999,0.0010075405590328904,2.3009828376037187
0.07758172899999996,0.17880237012470038,2.304696897444764
0.07758172899999996,0.17880237012470038,2.304696897444764
0.005809410999999995,0.013459756904650667,2.316888391034939
0.011020366000000037,0.025644710484235028,2.3270289284616266
0.006851013999999989,0.0029314394552251853,2.3370818687004786
0.006851013999999989,0.0029314394552251853,2.3370818687004786
0.006851013999999989,0.0029314394552251853,2.3370818687004786
0.0018651270000000011,0.0007931392125139732,2.351575827512301
3.4623000000000004e-05,8.24698900336106e-05,2.3819394631779622
3.4623000000000004e-05,8.24698900336106e-05,2.3819394631779622
0.0002340860000000002,0.0005578050719463459,2.3829065896565593
0.0002340860000000002,0.0005578050719463459,2.3829065896565593
0.0002340860000000002,0.0005578050719463459,2.3829065896565593
0.000263254,0.0006386182439929665,2.4258634018589142
3.1497999999999996e-05,7.67146914021358e-05,2.4355416662053404
0.014055342,0.005760056904457023,2.4401394349288883
2.2522e-05,9.148901312040257e-06,2.461716356078768
2.2522e-05,9.148901312040257e-06,2.461716356078768
2.2522e-05,9.148901312040257e-06,2.461716356078768
2.2522e-05,9.148901312040257e-06,2.461716356078768
2.2522e-05,9.148901312040257e-06,2.461716356078768
2.2522e-05,9.148901312040257e-06,2.461716356078768
2.2522e-05,9.148901312040257e-06,2.461716356078768
2.2522e-05,9.148901312040257e-06,2.461716356078768
0.009307412000000004,0.022925416176142143,2.463135421118366
0.0017490570000000007,0.004309785045708748,2.4640620892908274
0.006462570000000002,0.015934090021676197,2.4655965075312443
0.007260766000000002,0.0029314394552251853,2.476860297100098
0.007260766000000002,0.0029314394552251853,2.476860297100098
0.4844174519999999,0.19551562194245517,2.477640646753922
0.4844174519999999,0.19551562194245517,2.477640646753922
0.4844174519999999,0.19551562194245517,2.477640646753922
0.4844174519999999,0.19551562194245517,2.477640646753922
0.4844174519999999,0.19551562194245517,2.477640646753922
0.4844174519999999,0.19551562194245517,2.477640646753922
0.4844174519999999,0.19551562194245517,2.477640646753922
0.4844174519999999,0.19551562194245517,2.477640646753922
0.4844174519999999,0.19551562194245517,2.477640646753922
0.0008790779999999998,0.0003525097785168199,2.493769119536793
0.006217787000000007,0.01570794669668025,2.5262921834858982
0.024913992000000006,0.009859359460701324,2.5269381950526637
0.006012073,0.015223442599375697,2.53214533479146
0.020609427000000003,0.008131244976522718,2.5345967388149595
0.004864342000000006,0.012430410600731634,2.555414607100327
0.0010375220000000006,0.0026874080163332334,2.590217861725565
0.006026028000000002,0.01570794669668025,2.6066833238544933
0.006026028000000002,0.01570794669668025,2.6066833238544933
0.04540649100000006,0.01738664682636938,2.611572631195022
0.04540649100000006,0.01738664682636938,2.611572631195022
0.008117650999999993,0.0031016598191987137,2.617195783287774
0.018812861999999996,0.00708033334022108,2.657058798789913
0.018812861999999996,0.00708033334022108,2.657058798789913
0.00602967100000002,0.01602642685266161,2.6579272488766894
0.00743549399999999,0.019859843368869493,2.6709514349509957
0.005698313999999981,0.015250217668419743,2.676268395953574
0.005698313999999981,0.015250217668419743,2.676268395953574
0.003142110000000001,0.008411592175216422,2.6770521004090946
0.001441025,0.0005313073302574305,2.7122249551907944
0.0014185609999999994,0.0038793633724034915,2.7347173455378324
1.81639999999999e-05,4.9932477878255504e-05,2.7489802839823705
1.81639999999999e-05,4.9932477878255504e-05,2.7489802839823705
1.81639999999999e-05,4.9932477878255504e-05,2.7489802839823705
1.81639999999999e-05,4.9932477878255504e-05,2.7489802839823705
1.81639999999999e-05,4.9932477878255504e-05,2.7489802839823705
1.81639999999999e-05,4.9932477878255504e-05,2.7489802839823705
1.81639999999999e-05,4.9932477878255504e-05,2.7489802839823705
1.81639999999999e-05,4.9932477878255504e-05,2.7489802839823705
0.000328575,0.0009093305474142144,2.7674976715033535
0.0010691859999999995,0.0003861272281699452,2.7689992365143996
0.000372283,0.00013398382953368817,2.7785666471519623
0.000372283,0.00013398382953368817,2.7785666471519623
0.000372283,0.00013398382953368817,2.7785666471519623
0.424445463,0.15265320387046738,2.780455648740656
0.424445463,0.15265320387046738,2.780455648740656
0.424445463,0.15265320387046738,2.780455648740656
0.424445463,0.15265320387046738,2.780455648740656
0.424445463,0.15265320387046738,2.780455648740656
0.424445463,0.15265320387046738,2.780455648740656
0.424445463,0.15265320387046738,2.780455648740656
0.424445463,0.15265320387046738,2.780455648740656
0.424445463,0.15265320387046738,2.780455648740656
0.424445463,0.15265320387046738,2.780455648740656
0.424445463,0.15265320387046738,2.780455648740656
0.000984455,0.00035214619889438627,2.7955860466216538
0.000984455,0.00035214619889438627,2.7955860466216538
0.0004167849999999996,0.00014898968417627277,2.7974084400829566
0.0004167849999999996,0.00014898968417627277,2.7974084400829566
0.0004167849999999996,0.00014898968417627277,2.7974084400829566
0.0006738280000000001,0.00023923571729087074,2.8165861169498267
0.0006738280000000001,0.00023923571729087074,2.8165861169498267
0.023492854999999986,0.008131244976522718,2.889207626609545
0.023492854999999986,0.008131244976522718,2.889207626609545
0.015843339000000005,0.005476690101777818,2.892867535969766
0.03136074999999987,0.09077685467897513,2.8946008841936344
0.03136074999999987,0.09077685467897513,2.8946008841936344
0.03136074999999987,0.09077685467897513,2.8946008841936344
0.0001975,6.784339034507016e-05,2.911116307652973
0.0001975,6.784339034507016e-05,2.911116307652973
0.017134396999999996,0.005852228718688545,2.927841310317025
0.00031777499999999996,0.00010821966073830527,2.936388802478668
0.00031777499999999996,0.00010821966073830527,2.936388802478668
0.00031777499999999996,0.00010821966073830527,2.936388802478668
0.00031777499999999996,0.00010821966073830527,2.936388802478668
0.0016030729999999996,0.0005415453135145941,2.960182573820387
0.0035711039999999986,0.010699098961503947,2.9960199875175717
0.0004319079999999999,0.00014272270440057348,3.026203867240232
0.0030799739999999996,0.0010075405590328904,3.056923090973508
2.07989999999999e-05,6.377089064431459e-05,3.06605561057334
2.07989999999999e-05,6.377089064431459e-05,3.06605561057334
2.07989999999999e-05,6.377089064431459e-05,3.06605561057334
2.07989999999999e-05,6.377089064431459e-05,3.06605561057334
2.07989999999999e-05,6.377089064431459e-05,3.06605561057334
2.07989999999999e-05,6.377089064431459e-05,3.06605561057334
0.02708794899999997,0.008735240042229874,3.100996523168828
0.02708794899999997,0.008735240042229874,3.100996523168828
7.814e-06,2.4234934668189523e-05,3.1014761541066704
7.814e-06,2.4234934668189523e-05,3.1014761541066704
7.814e-06,2.4234934668189523e-05,3.1014761541066704
7.814e-06,2.4234934668189523e-05,3.1014761541066704
0.012482317999999994,0.004023275343193086,3.1025264082704718
0.002347129,0.007316293198465563,3.1171244522416806
0.005062764000000034,0.01602642685266161,3.165548868693367
1.5509e-05,5.0128311137349214e-05,3.2322078236733
1.5509e-05,5.0128311137349214e-05,3.2322078236733
1.5509e-05,5.0128311137349214e-05,3.2322078236733
0.018818449999999962,0.005760056904457023,3.2670597378020005
1.42859999999999e-05,4.7239793496069517e-05,3.3067194103366826
1.42859999999999e-05,4.7239793496069517e-05,3.3067194103366826
1.42859999999999e-05,4.7239793496069517e-05,3.3067194103366826
1.42859999999999e-05,4.7239793496069517e-05,3.3067194103366826
0.004540692000000016,0.015100924656617071,3.325687947259364
0.0005008880000000007,0.00014898968417627277,3.3618971861661895
0.0005008880000000007,0.00014898968417627277,3.3618971861661895
0.004583074000000001,0.016063650641636496,3.5049948226095613
0.0004936839999999999,0.00013871405807295146,3.559004810747915
0.000205124,5.750212011088875e-05,3.567242383488347
0.000205124,5.750212011088875e-05,3.567242383488347
0.0032292339999999997,0.0008880350155111251,3.63638138541345
0.003255726999999999,0.0008880350155111251,3.666214668490414
0.010841000000000007,0.0029314394552251853,3.6981831504915834
1.9277e-05,7.143391272856684e-05,3.705655067104158
1.9277e-05,7.143391272856684e-05,3.705655067104158
1.9277e-05,7.143391272856684e-05,3.705655067104158
1.9277e-05,7.143391272856684e-05,3.705655067104158
1.9277e-05,7.143391272856684e-05,3.705655067104158
0.01612343799999997,0.004309785045708748,3.7411234734442433
0.0005574599999999991,0.0001482275006320595,3.760840583717084
0.012453344999999987,0.04691834486043457,3.767529516000289
0.012453344999999987,0.04691834486043457,3.767529516000289
0.002947745,0.011152465097394383,3.7833886911501446
0.00526805400000003,0.020217897534181913,3.8378303514318186
1.060535124,0.2726459364690973,3.889788851190911
1.060535124,0.2726459364690973,3.889788851190911
1.060535124,0.2726459364690973,3.889788851190911
1.060535124,0.2726459364690973,3.889788851190911
1.060535124,0.2726459364690973,3.889788851190911
1.060535124,0.2726459364690973,3.889788851190911
0.00053277,0.00013563855204155696,3.9278655808473233
0.00053277,0.00013563855204155696,3.9278655808473233
0.00053277,0.00013563855204155696,3.9278655808473233
0.000564433,0.00013871405807295146,4.069039633338083
0.021732422999999796,0.09161707465835121,4.215686150520449
0.002544603000000004,0.010825362563994585,4.2542442039070805
0.0029746579999999994,0.012971401682852463,4.360636309401775
0.004503699000000002,0.0010075405590328904,4.469992755748686
0.011616000999999992,0.002509180711619815,4.629399925723653
0.019388214999999827,0.09161707465835121,4.725400180385457
0.003364032999999997,0.015934090021676197,4.736603363188236
1.3644999999999999e-05,6.651261125672604e-05,4.8745043060993805
1.3644999999999999e-05,6.651261125672604e-05,4.8745043060993805
1.3644999999999999e-05,6.651261125672604e-05,4.8745043060993805
1.3644999999999999e-05,6.651261125672604e-05,4.8745043060993805
1.3644999999999999e-05,6.651261125672604e-05,4.8745043060993805
0.0022331630000000007,0.000450792876821253,4.953856005327891
0.4715798160000002,0.09446444709142102,4.99214075263272
0.4715798160000002,0.09446444709142102,4.99214075263272
0.4715798160000002,0.09446444709142102,4.99214075263272
0.4715798160000002,0.09446444709142102,4.99214075263272
0.4715798160000002,0.09446444709142102,4.99214075263272
0.4715798160000002,0.09446444709142102,4.99214075263272
0.4715798160000002,0.09446444709142102,4.99214075263272
0.0002707260000000006,5.3365990911837584e-05,5.0730061481899416
0.0002707260000000006,5.3365990911837584e-05,5.0730061481899416
0.0002707260000000006,5.3365990911837584e-05,5.0730061481899416
0.02478060499999999,0.004815743894544102,5.145748100947533
1.7774000000000003e-05,0.00010044455226696423,5.6512069464928665
1.7774000000000003e-05,0.00010044455226696423,5.6512069464928665
1.7774000000000003e-05,0.00010044455226696423,5.6512069464928665
1.7774000000000003e-05,0.00010044455226696423,5.6512069464928665
1.7774000000000003e-05,0.00010044455226696423,5.6512069464928665
1.7774000000000003e-05,0.00010044455226696423,5.6512069464928665
0.0026319509999999996,0.0004543035481379366,5.793375400187015
0.002182586999999999,0.013462696939472081,6.168229234148324
0.0006454580000000003,0.00010044455226696423,6.426013013473192
0.0006454580000000003,0.00010044455226696423,6.426013013473192
0.01639946999999999,0.0025389092028613564,6.459258165482148
0.06839933399999995,0.009886648704033833,6.918353837341511
0.000968180000000001,0.00013871405807295146,6.979681897063547
0.000968180000000001,0.00013871405807295146,6.979681897063547
0.0005519890000000003,7.035378653599062e-05,7.845903215424253
0.0005519890000000003,7.035378653599062e-05,7.845903215424253
0.0008194319999999994,0.00010044455226696423,8.158053189605456
0.0008194319999999994,0.00010044455226696423,8.158053189605456
8.009e-05,9.612967128470458e-06,8.331454682997892
8.009e-05,9.612967128470458e-06,8.331454682997892
8.009e-05,9.612967128470458e-06,8.331454682997892
0.0012707189999999998,0.00015176443487835233,8.37296960265132
0.011236858000000046,0.09854628644988667,8.769914726152654
0.04206646799999997,0.004778932027398943,8.802483014786826
0.04206646799999997,0.004778932027398943,8.802483014786826
0.000473795,4.909475920722612e-05,9.650622747738488
0.000473795,4.909475920722612e-05,9.650622747738488
0.24853847300000015,0.02337818448370548,10.631213607422367
0.24853847300000015,0.02337818448370548,10.631213607422367
0.24853847300000015,0.02337818448370548,10.631213607422367
0.24853847300000015,0.02337818448370548,10.631213607422367
0.24853847300000015,0.02337818448370548,10.631213607422367
0.24853847300000015,0.02337818448370548,10.631213607422367
0.24853847300000015,0.02337818448370548,10.631213607422367
0.014141357999999975,0.0008582221529615325,16.477502883375028
0.011686035999999995,0.0005646892665312577,20.694630999070224
0.07606003399999996,0.002817545386412933,26.99514065213811
0.07606003399999996,0.002817545386412933,26.99514065213811
0.07606003399999996,0.002817545386412933,26.99514065213811
0.07606003399999996,0.002817545386412933,26.99514065213811
0.016021756999999977,0.0004543035481379366,35.26663409446984
0.019647128999999992,0.0003490062363238929,56.294492634127614
0.0035995439999999953,0.2742246612675509,76.18316688656988
